"GroupID","GroupLevel","Numerator","Denominator","Metric","Score","Flag","MetricID","SnapshotDate","StudyID"
"Japan","Country",3,60,0.05,-1.14602950699705,-1,"Analysis_cou0001",2012-01-31,"AA-AA-000-0000"
"China","Country",16,125,0.128,1.0859416777603,0,"Analysis_cou0001",2012-01-31,"AA-AA-000-0000"
"US","Country",1,21,0.0476190476190476,NA,NA,"Analysis_cou0001",2012-01-31,"AA-AA-000-0000"
"Japan","Country",1,60,0.0166666666666667,-1.39437670296211,-1,"Analysis_cou0002",2012-01-31,"AA-AA-000-0000"
"China","Country",9,125,0.072,1.01924924231501,0,"Analysis_cou0002",2012-01-31,"AA-AA-000-0000"
"US","Country",1,21,0.0476190476190476,NA,NA,"Analysis_cou0002",2012-01-31,"AA-AA-000-0000"
"Japan","Country",96,60,1.6,1.35046206159486,0,"Analysis_cou0003",2012-01-31,"AA-AA-000-0000"
"China","Country",145,125,1.16,-0.553292502876597,0,"Analysis_cou0003",2012-01-31,"AA-AA-000-0000"
"US","Country",18,21,0.857142857142857,NA,NA,"Analysis_cou0003",2012-01-31,"AA-AA-000-0000"
"China","Country",149,125,1.192,0.698135060157449,0,"Analysis_cou0004",2012-01-31,"AA-AA-000-0000"
"Japan","Country",70,60,1.16666666666667,-0.0708380430426361,0,"Analysis_cou0004",2012-01-31,"AA-AA-000-0000"
"US","Country",22,21,1.04761904761905,NA,NA,"Analysis_cou0004",2012-01-31,"AA-AA-000-0000"
"US","Country",4,184,0.0217391304347826,1.61426050731902,0,"Analysis_cou0005",2012-01-31,"AA-AA-000-0000"
"China","Country",20,1550,0.0129032258064516,-0.118544241019669,0,"Analysis_cou0005",2012-01-31,"AA-AA-000-0000"
"Japan","Country",9,781,0.0115236875800256,-0.616530840616443,0,"Analysis_cou0005",2012-01-31,"AA-AA-000-0000"
"China","Country",12,8,1.5,NA,NA,"Analysis_cou0006",2012-01-31,"AA-AA-000-0000"
"Japan","Country",6,4,1.5,NA,NA,"Analysis_cou0006",2012-01-31,"AA-AA-000-0000"
"US","Country",0,1,0,NA,NA,"Analysis_cou0006",2012-01-31,"AA-AA-000-0000"
"Japan","Country",3,4,0.75,0.277350098112615,0,"Analysis_cou0007",2012-01-31,"AA-AA-000-0000"
"China","Country",6,8,0.75,0.392232270276368,0,"Analysis_cou0007",2012-01-31,"AA-AA-000-0000"
"US","Country",0,1,0,NA,NA,"Analysis_cou0007",2012-01-31,"AA-AA-000-0000"
"China","Country",638,6217,0.102621843332797,0.849778391595588,0,"Analysis_cou0008",2012-01-31,"AA-AA-000-0000"
"Japan","Country",296,3028,0.0977542932628798,-0.507971667785588,0,"Analysis_cou0008",2012-01-31,"AA-AA-000-0000"
"US","Country",66,755,0.0874172185430464,-1.42121126856789,0,"Analysis_cou0008",2012-01-31,"AA-AA-000-0000"
"China","Country",14,638,0.0219435736677116,0.998943806575456,0,"Analysis_cou0009",2012-01-31,"AA-AA-000-0000"
"US","Country",1,66,0.0151515151515152,-0.120137218291386,0,"Analysis_cou0009",2012-01-31,"AA-AA-000-0000"
"Japan","Country",2,296,0.00675675675675676,-1.40985046018567,0,"Analysis_cou0009",2012-01-31,"AA-AA-000-0000"
"US","Country",3877,76623,0.0505983842971432,1.5920397421283,0,"Analysis_cou0010",2012-01-31,"AA-AA-000-0000"
"Japan","Country",15457,308658,0.0500780799460892,0.146938995630193,0,"Analysis_cou0010",2012-01-31,"AA-AA-000-0000"
"China","Country",30719,614719,0.0499724264257327,-0.66619696115132,0,"Analysis_cou0010",2012-01-31,"AA-AA-000-0000"
"US","Country",210,755,0.278145695364238,1.533597889833,0,"Analysis_cou0011",2012-01-31,"AA-AA-000-0000"
"China","Country",1627,6217,0.261701785427055,0.0270725422004809,0,"Analysis_cou0011",2012-01-31,"AA-AA-000-0000"
"Japan","Country",779,3028,0.257265521796565,-0.804577273951098,0,"Analysis_cou0011",2012-01-31,"AA-AA-000-0000"
"China","Country",28,36,0.777777777777778,0.435941795276363,0,"Analysis_cou0012",2012-01-31,"AA-AA-000-0000"
"Japan","Country",10,14,0.714285714285714,-0.256322760335604,0,"Analysis_cou0012",2012-01-31,"AA-AA-000-0000"
"US","Country",0,1,0,NA,NA,"Analysis_cou0012",2012-01-31,"AA-AA-000-0000"
"US","Country",41,374,0.109625668449198,-1.00928300369546,-1,"Analysis_cou0001",2012-02-29,"AA-AA-000-0000"
"China","Country",104,934,0.11134903640257,1.18471994555184,0,"Analysis_cou0001",2012-02-29,"AA-AA-000-0000"
"Japan","Country",53,482,0.109958506224066,-0.76012266711573,0,"Analysis_cou0001",2012-02-29,"AA-AA-000-0000"
"Japan","Country",30,482,0.0622406639004149,1.38470255714081,0,"Analysis_cou0002",2012-02-29,"AA-AA-000-0000"
"China","Country",56,934,0.0599571734475375,-0.38240348392246,0,"Analysis_cou0002",2012-02-29,"AA-AA-000-0000"
"US","Country",22,374,0.0588235294117647,-0.967660272891087,0,"Analysis_cou0002",2012-02-29,"AA-AA-000-0000"
"China","Country",486,934,0.5203426124197,1.04124494205033,0,"Analysis_cou0003",2012-02-29,"AA-AA-000-0000"
"Japan","Country",237,482,0.491701244813278,-0.250314499754228,0,"Analysis_cou0003",2012-02-29,"AA-AA-000-0000"
"US","Country",170,374,0.454545454545455,-1.36130511710909,0,"Analysis_cou0003",2012-02-29,"AA-AA-000-0000"
"Japan","Country",236,482,0.489626556016597,1.14877397294437,0,"Analysis_cou0004",2012-02-29,"AA-AA-000-0000"
"China","Country",444,934,0.475374732334047,-0.00498192025079769,0,"Analysis_cou0004",2012-02-29,"AA-AA-000-0000"
"US","Country",171,374,0.457219251336898,-1.2962613700779,0,"Analysis_cou0004",2012-02-29,"AA-AA-000-0000"
"Japan","Country",38,2411,0.0157610949813355,1.12600781923906,0,"Analysis_cou0005",2012-02-29,"AA-AA-000-0000"
"China","Country",60,4617,0.0129954515919428,0.0177471985151976,0,"Analysis_cou0005",2012-02-29,"AA-AA-000-0000"
"US","Country",17,1843,0.00922409115572436,-1.31597546632046,0,"Analysis_cou0005",2012-02-29,"AA-AA-000-0000"
"US","Country",15,17,0.882352941176471,1.04347766129325,0,"Analysis_cou0006",2012-02-29,"AA-AA-000-0000"
"Japan","Country",21,25,0.84,0.634033269650357,0,"Analysis_cou0006",2012-02-29,"AA-AA-000-0000"
"China","Country",27,37,0.72972972972973,-1.22847718064213,0,"Analysis_cou0006",2012-02-29,"AA-AA-000-0000"
"China","Country",28,37,0.756756756756757,1.14426864819751,0,"Analysis_cou0007",2012-02-29,"AA-AA-000-0000"
"Japan","Country",12,25,0.48,-0.362317738901822,0,"Analysis_cou0007",2012-02-29,"AA-AA-000-0000"
"US","Country",4,17,0.235294117647059,-1.24874942115275,0,"Analysis_cou0007",2012-02-29,"AA-AA-000-0000"
"US","Country",1291,12647,0.102079544556021,1.44694194064231,0,"Analysis_cou0008",2012-02-29,"AA-AA-000-0000"
"China","Country",3568,35770,0.099748392507688,-0.240683741930673,0,"Analysis_cou0008",2012-02-29,"AA-AA-000-0000"
"Japan","Country",1599,16190,0.0987646695491044,-0.921102793818639,0,"Analysis_cou0008",2012-02-29,"AA-AA-000-0000"
"China","Country",73,3568,0.0204596412556054,0.790661720801151,0,"Analysis_cou0009",2012-02-29,"AA-AA-000-0000"
"US","Country",26,1291,0.0201394268009295,0.354601777796081,0,"Analysis_cou0009",2012-02-29,"AA-AA-000-0000"
"Japan","Country",25,1599,0.0156347717323327,-1.49970384491193,0,"Analysis_cou0009",2012-02-29,"AA-AA-000-0000"
"US","Country",64164,1277777,0.0502153349136821,0.939057246411605,0,"Analysis_cou0010",2012-02-29,"AA-AA-000-0000"
"China","Country",178893,3569884,0.0501117123133413,0.384783858141507,0,"Analysis_cou0010",2012-02-29,"AA-AA-000-0000"
"Japan","Country",81014,1623656,0.0498960370916007,-1.40360709262799,0,"Analysis_cou0010",2012-02-29,"AA-AA-000-0000"
"China","Country",9429,35770,0.263600782778865,1.02333381643567,0,"Analysis_cou0011",2012-02-29,"AA-AA-000-0000"
"Japan","Country",4258,16190,0.263001852995676,-0.31850541439663,0,"Analysis_cou0011",2012-02-29,"AA-AA-000-0000"
"US","Country",3317,12647,0.262275638491342,-1.36064036436497,0,"Analysis_cou0011",2012-02-29,"AA-AA-000-0000"
"Japan","Country",40,83,0.481927710843373,1.40943989313602,0,"Analysis_cou0012",2012-02-29,"AA-AA-000-0000"
"US","Country",18,43,0.418604651162791,-0.30038015728462,0,"Analysis_cou0012",2012-02-29,"AA-AA-000-0000"
"China","Country",52,128,0.40625,-0.960859484392176,0,"Analysis_cou0012",2012-02-29,"AA-AA-000-0000"
"US","Country",122,1722,0.0708478513356562,-1.53946374240421,-1,"Analysis_cou0001",2012-03-31,"AA-AA-000-0000"
"Japan","Country",207,2911,0.07110958433528,0.624726217890799,0,"Analysis_cou0001",2012-03-31,"AA-AA-000-0000"
"China","Country",270,3798,0.0710900473933649,0.489661657170213,0,"Analysis_cou0001",2012-03-31,"AA-AA-000-0000"
"China","Country",147,3798,0.0387045813586098,1.28154186709688,0,"Analysis_cou0002",2012-03-31,"AA-AA-000-0000"
"Japan","Country",107,2911,0.0367571281346616,-0.854942326805906,0,"Analysis_cou0002",2012-03-31,"AA-AA-000-0000"
"US","Country",63,1722,0.0365853658536585,-0.791659055852667,0,"Analysis_cou0002",2012-03-31,"AA-AA-000-0000"
"China","Country",918,3798,0.241706161137441,1.28396218394913,0,"Analysis_cou0003",2012-03-31,"AA-AA-000-0000"
"Japan","Country",639,2911,0.219512195121951,-0.921485520672333,0,"Analysis_cou0003",2012-03-31,"AA-AA-000-0000"
"US","Country",378,1722,0.219512195121951,-0.708735172952373,0,"Analysis_cou0003",2012-03-31,"AA-AA-000-0000"
"China","Country",913,3798,0.240389678778304,1.14594919685908,0,"Analysis_cou0004",2012-03-31,"AA-AA-000-0000"
"Japan","Country",666,2911,0.228787358296118,-0.346169739787975,0,"Analysis_cou0004",2012-03-31,"AA-AA-000-0000"
"US","Country",375,1722,0.217770034843206,-1.25178550457862,0,"Analysis_cou0004",2012-03-31,"AA-AA-000-0000"
"Japan","Country",100,6660,0.015015015015015,0.998244203870371,0,"Analysis_cou0005",2012-03-31,"AA-AA-000-0000"
"US","Country",58,3883,0.0149369044553181,0.643752276253086,0,"Analysis_cou0005",2012-03-31,"AA-AA-000-0000"
"China","Country",130,9302,0.01397548914212,-1.26059173258362,0,"Analysis_cou0005",2012-03-31,"AA-AA-000-0000"
"Japan","Country",55,83,0.662650602409639,1.30388312018491,0,"Analysis_cou0006",2012-03-31,"AA-AA-000-0000"
"China","Country",61,101,0.603960396039604,-0.453350626706323,0,"Analysis_cou0006",2012-03-31,"AA-AA-000-0000"
"US","Country",28,49,0.571428571428571,-1.04611759289376,0,"Analysis_cou0006",2012-03-31,"AA-AA-000-0000"
"China","Country",42,101,0.415841584158416,0.882399074700457,0,"Analysis_cou0007",2012-03-31,"AA-AA-000-0000"
"Japan","Country",32,83,0.385542168674699,0.16476081668775,0,"Analysis_cou0007",2012-03-31,"AA-AA-000-0000"
"US","Country",14,49,0.285714285714286,-1.48129191797301,0,"Analysis_cou0007",2012-03-31,"AA-AA-000-0000"
"US","Country",4064,39623,0.102566691063271,1.33327678553476,0,"Analysis_cou0008",2012-03-31,"AA-AA-000-0000"
"China","Country",10284,102453,0.100377734180551,0.07789121759008,0,"Analysis_cou0008",2012-03-31,"AA-AA-000-0000"
"Japan","Country",6852,69300,0.0988744588744589,-1.10286262579545,0,"Analysis_cou0008",2012-03-31,"AA-AA-000-0000"
"China","Country",208,10284,0.0202255931544146,1.13334804703467,0,"Analysis_cou0009",2012-03-31,"AA-AA-000-0000"
"US","Country",69,4064,0.0169783464566929,-0.107961125101535,0,"Analysis_cou0009",2012-03-31,"AA-AA-000-0000"
"Japan","Country",92,6852,0.0134267367192061,-1.30532241218387,0,"Analysis_cou0009",2012-03-31,"AA-AA-000-0000"
"Japan","Country",347104,6931432,0.0500768095250736,1.36427380396076,0,"Analysis_cou0010",2012-03-31,"AA-AA-000-0000"
"China","Country",510904,10214069,0.0500196346823191,-0.553011628060322,0,"Analysis_cou0010",2012-03-31,"AA-AA-000-0000"
"US","Country",199789,3996085,0.0499961837648599,-0.912652796553268,0,"Analysis_cou0010",2012-03-31,"AA-AA-000-0000"
"Japan","Country",18429,69300,0.265930735930736,1.40097487794998,0,"Analysis_cou0011",2012-03-31,"AA-AA-000-0000"
"US","Country",10374,39623,0.261817631173813,-0.276657234357477,0,"Analysis_cou0011",2012-03-31,"AA-AA-000-0000"
"China","Country",26719,102453,0.2607927537505,-0.980168437581374,0,"Analysis_cou0011",2012-03-31,"AA-AA-000-0000"
"Japan","Country",56,296,0.189189189189189,1.33449138192248,0,"Analysis_cou0012",2012-03-31,"AA-AA-000-0000"
"China","Country",77,417,0.184652278177458,-0.493759742405027,0,"Analysis_cou0012",2012-03-31,"AA-AA-000-0000"
"US","Country",31,170,0.182352941176471,-0.987590030505961,0,"Analysis_cou0012",2012-03-31,"AA-AA-000-0000"
"Japan","Country",502,8478,0.0592120783203586,-1.10932606484662,-1,"Analysis_cou0001",2012-04-30,"AA-AA-000-0000"
"US","Country",319,5210,0.0612284069097889,1.32852190112025,0,"Analysis_cou0001",2012-04-30,"AA-AA-000-0000"
"China","Country",530,8825,0.060056657223796,0.0665224781238204,0,"Analysis_cou0001",2012-04-30,"AA-AA-000-0000"
"Japan","Country",260,8478,0.0306676102854447,-1.29688063448381,-1,"Analysis_cou0002",2012-04-30,"AA-AA-000-0000"
"China","Country",298,8825,0.0337677053824363,1.13416246654792,0,"Analysis_cou0002",2012-04-30,"AA-AA-000-0000"
"US","Country",170,5210,0.0326295585412668,0.178258574477681,0,"Analysis_cou0002",2012-04-30,"AA-AA-000-0000"
"China","Country",1446,8825,0.16385269121813,1.34669141086819,0,"Analysis_cou0003",2012-04-30,"AA-AA-000-0000"
"Japan","Country",1236,8478,0.145789101203114,-0.770180679453461,0,"Analysis_cou0003",2012-04-30,"AA-AA-000-0000"
"US","Country",750,5210,0.143953934740883,-0.770223321440256,0,"Analysis_cou0003",2012-04-30,"AA-AA-000-0000"
"China","Country",1434,8825,0.162492917847025,1.34113675267315,0,"Analysis_cou0004",2012-04-30,"AA-AA-000-0000"
"US","Country",769,5210,0.147600767754319,-0.503622635395007,0,"Analysis_cou0004",2012-04-30,"AA-AA-000-0000"
"Japan","Country",1230,8478,0.145081387119604,-0.973507294141706,0,"Analysis_cou0004",2012-04-30,"AA-AA-000-0000"
"Japan","Country",187,12937,0.0144546649145861,0.860847984207237,0,"Analysis_cou0005",2012-04-30,"AA-AA-000-0000"
"China","Country",205,14521,0.0141174850216927,0.267330444721658,0,"Analysis_cou0005",2012-04-30,"AA-AA-000-0000"
"US","Country",100,7741,0.0129182276191706,-1.47901155553676,0,"Analysis_cou0005",2012-04-30,"AA-AA-000-0000"
"Japan","Country",100,164,0.609756097560976,0.762189820017336,0,"Analysis_cou0006",2012-04-30,"AA-AA-000-0000"
"China","Country",100,168,0.595238095238095,0.414924744954375,0,"Analysis_cou0006",2012-04-30,"AA-AA-000-0000"
"US","Country",51,102,0.5,-1.49896768954053,0,"Analysis_cou0006",2012-04-30,"AA-AA-000-0000"
"China","Country",82,168,0.488095238095238,1.22936801677738,0,"Analysis_cou0007",2012-04-30,"AA-AA-000-0000"
"Japan","Country",63,164,0.384146341463415,-0.314581217087175,0,"Analysis_cou0007",2012-04-30,"AA-AA-000-0000"
"US","Country",31,102,0.303921568627451,-1.1788523814205,0,"Analysis_cou0007",2012-04-30,"AA-AA-000-0000"
"US","Country",10734,104730,0.102492122600974,1.0890534485949,0,"Analysis_cou0008",2012-04-30,"AA-AA-000-0000"
"China","Country",21179,210256,0.100729586789438,0.413077220949646,0,"Analysis_cou0008",2012-04-30,"AA-AA-000-0000"
"Japan","Country",17494,178663,0.0979161885784969,-1.28192425503072,0,"Analysis_cou0008",2012-04-30,"AA-AA-000-0000"
"China","Country",452,21179,0.0213418952736201,0.963196231655269,0,"Analysis_cou0009",2012-04-30,"AA-AA-000-0000"
"US","Country",218,10734,0.0203092975591578,0.409031435088557,0,"Analysis_cou0009",2012-04-30,"AA-AA-000-0000"
"Japan","Country",258,17494,0.014747913570367,-1.38019792219612,0,"Analysis_cou0009",2012-04-30,"AA-AA-000-0000"
"Japan","Country",898309,17913034,0.0501483444959687,1.30174625041744,0,"Analysis_cou0010",2012-04-30,"AA-AA-000-0000"
"US","Country",526207,10506715,0.0500829231591416,-0.0918211888269852,0,"Analysis_cou0010",2012-04-30,"AA-AA-000-0000"
"China","Country",1047980,20942858,0.0500399706668498,-1.13887030376884,0,"Analysis_cou0010",2012-04-30,"AA-AA-000-0000"
"US","Country",27648,104730,0.263993125179032,0.799522137396115,0,"Analysis_cou0011",2012-04-30,"AA-AA-000-0000"
"Japan","Country",47120,178663,0.26373675579163,0.806547980569167,0,"Analysis_cou0011",2012-04-30,"AA-AA-000-0000"
"China","Country",54996,210256,0.26156685183776,-1.30776324571894,0,"Analysis_cou0011",2012-04-30,"AA-AA-000-0000"
"China","Country",93,1070,0.0869158878504673,1.29816383597109,0,"Analysis_cou0012",2012-04-30,"AA-AA-000-0000"
"US","Country",41,517,0.0793036750483559,-0.623893547011871,0,"Analysis_cou0012",2012-04-30,"AA-AA-000-0000"
"Japan","Country",68,864,0.0787037037037037,-0.962043396616688,0,"Analysis_cou0012",2012-04-30,"AA-AA-000-0000"
"Japan","Country",1066,17900,0.0595530726256983,-1.23250706894399,-1,"Analysis_cou0001",2012-05-31,"AA-AA-000-0000"
"US","Country",905,13685,0.0661308001461454,1.20348162383026,0,"Analysis_cou0001",2012-05-31,"AA-AA-000-0000"
"China","Country",1127,17856,0.0631160394265233,0.180439203351089,0,"Analysis_cou0001",2012-05-31,"AA-AA-000-0000"
"Japan","Country",572,17900,0.0319553072625698,-1.37983626420535,-1,"Analysis_cou0002",2012-05-31,"AA-AA-000-0000"
"US","Country",492,13685,0.0359517720131531,0.778472583234275,0,"Analysis_cou0002",2012-05-31,"AA-AA-000-0000"
"China","Country",636,17856,0.0356182795698925,0.700023086145299,0,"Analysis_cou0002",2012-05-31,"AA-AA-000-0000"
"China","Country",2084,17856,0.11671146953405,1.3260539542703,0,"Analysis_cou0003",2012-05-31,"AA-AA-000-0000"
"Japan","Country",1951,17900,0.108994413407821,-0.423120795901325,0,"Analysis_cou0003",2012-05-31,"AA-AA-000-0000"
"US","Country",1446,13685,0.105663134819145,-1.03080051534714,0,"Analysis_cou0003",2012-05-31,"AA-AA-000-0000"
"China","Country",2029,17856,0.113631272401434,1.38216702079264,0,"Analysis_cou0004",2012-05-31,"AA-AA-000-0000"
"US","Country",1468,13685,0.107270734380709,-0.610250414281068,0,"Analysis_cou0004",2012-05-31,"AA-AA-000-0000"
"Japan","Country",1912,17900,0.106815642458101,-0.846881785435829,0,"Analysis_cou0004",2012-05-31,"AA-AA-000-0000"
"Japan","Country",294,19788,0.0148574893875076,1.20752830400923,0,"Analysis_cou0005",2012-05-31,"AA-AA-000-0000"
"China","Country",295,20796,0.0141854202731294,-0.120448150879634,0,"Analysis_cou0005",2012-05-31,"AA-AA-000-0000"
"US","Country",206,15225,0.0135303776683087,-1.23586716032358,0,"Analysis_cou0005",2012-05-31,"AA-AA-000-0000"
"Japan","Country",153,268,0.57089552238806,1.03811086735217,0,"Analysis_cou0006",2012-05-31,"AA-AA-000-0000"
"China","Country",147,267,0.550561797752809,0.179239133077753,0,"Analysis_cou0006",2012-05-31,"AA-AA-000-0000"
"US","Country",107,210,0.509523809523809,-1.37484514046451,0,"Analysis_cou0006",2012-05-31,"AA-AA-000-0000"
"China","Country",113,267,0.423220973782772,1.36419945796353,0,"Analysis_cou0007",2012-05-31,"AA-AA-000-0000"
"Japan","Country",89,268,0.332089552238806,-0.554438142841103,0,"Analysis_cou0007",2012-05-31,"AA-AA-000-0000"
"US","Country",65,210,0.30952380952381,-0.911898121861708,0,"Analysis_cou0007",2012-05-31,"AA-AA-000-0000"
"US","Country",27070,265675,0.101891408676014,1.45980165999078,0,"Analysis_cou0008",2012-05-31,"AA-AA-000-0000"
"China","Country",37060,373698,0.0991709883381768,-0.439185469245441,0,"Analysis_cou0008",2012-05-31,"AA-AA-000-0000"
"Japan","Country",34175,346423,0.0986510710893907,-0.822250106167106,0,"Analysis_cou0008",2012-05-31,"AA-AA-000-0000"
"China","Country",796,37060,0.0214786832164058,0.964094098975602,0,"Analysis_cou0009",2012-05-31,"AA-AA-000-0000"
"US","Country",562,27070,0.0207609900258589,0.418751125835578,0,"Analysis_cou0009",2012-05-31,"AA-AA-000-0000"
"Japan","Country",610,34175,0.0178493050475494,-1.37665175804626,0,"Analysis_cou0009",2012-05-31,"AA-AA-000-0000"
"Japan","Country",1741009,34692466,0.0501840659006483,1.35228918102847,0,"Analysis_cou0010",2012-05-31,"AA-AA-000-0000"
"China","Country",1862922,37218303,0.0500539210506186,-0.493173284978259,0,"Analysis_cou0010",2012-05-31,"AA-AA-000-0000"
"US","Country",1323670,26468473,0.0500093072992915,-0.963376396771839,0,"Analysis_cou0010",2012-05-31,"AA-AA-000-0000"
"Japan","Country",91021,346423,0.262745256521651,1.32720541989103,0,"Analysis_cou0011",2012-05-31,"AA-AA-000-0000"
"US","Country",69651,265675,0.262166180483674,-0.222228887518344,0,"Analysis_cou0011",2012-05-31,"AA-AA-000-0000"
"China","Country",97862,373698,0.261874561811944,-1.09047700340917,0,"Analysis_cou0011",2012-05-31,"AA-AA-000-0000"
"China","Country",124,2373,0.0522545301306363,1.26328535150413,0,"Analysis_cou0012",2012-05-31,"AA-AA-000-0000"
"Japan","Country",95,2080,0.0456730769230769,-0.461730010805367,0,"Analysis_cou0012",2012-05-31,"AA-AA-000-0000"
"US","Country",58,1376,0.0421511627906977,-1.09129075767952,0,"Analysis_cou0012",2012-05-31,"AA-AA-000-0000"
"Japan","Country",1507,29432,0.0512027724925251,-1.19961377332882,-1,"Analysis_cou0001",2012-06-30,"AA-AA-000-0000"
"US","Country",1275,22321,0.0571210967250571,1.24361051428018,0,"Analysis_cou0001",2012-06-30,"AA-AA-000-0000"
"China","Country",1510,27869,0.0541820660949442,0.119831897304372,0,"Analysis_cou0001",2012-06-30,"AA-AA-000-0000"
"Japan","Country",810,29432,0.0275210655069312,-1.32514800610178,-1,"Analysis_cou0002",2012-06-30,"AA-AA-000-0000"
"US","Country",667,22321,0.0298821737377358,1.0216299380002,0,"Analysis_cou0002",2012-06-30,"AA-AA-000-0000"
"China","Country",814,27869,0.0292080806631024,0.447498638775789,0,"Analysis_cou0002",2012-06-30,"AA-AA-000-0000"
"China","Country",2672,27869,0.0958771394739675,1.21933017025813,0,"Analysis_cou0003",2012-06-30,"AA-AA-000-0000"
"Japan","Country",2721,29432,0.0924503941288394,-0.120381361517574,0,"Analysis_cou0003",2012-06-30,"AA-AA-000-0000"
"US","Country",1992,22321,0.0892433134716187,-1.22423129501636,0,"Analysis_cou0003",2012-06-30,"AA-AA-000-0000"
"China","Country",2550,27869,0.0914995155907998,1.39632546599292,0,"Analysis_cou0004",2012-06-30,"AA-AA-000-0000"
"US","Country",1957,22321,0.0876752833654406,-0.658859554339479,0,"Analysis_cou0004",2012-06-30,"AA-AA-000-0000"
"Japan","Country",2579,29432,0.0876257135091057,-0.784970878870823,0,"Analysis_cou0004",2012-06-30,"AA-AA-000-0000"
"Japan","Country",400,27279,0.0146632941090216,1.17582273891468,0,"Analysis_cou0005",2012-06-30,"AA-AA-000-0000"
"China","Country",378,26321,0.0143611564910148,-0.0736968974578,0,"Analysis_cou0005",2012-06-30,"AA-AA-000-0000"
"US","Country",289,20604,0.014026402640264,-1.26964942167367,0,"Analysis_cou0005",2012-06-30,"AA-AA-000-0000"
"Japan","Country",204,326,0.625766871165644,1.00326389674494,0,"Analysis_cou0006",2012-06-30,"AA-AA-000-0000"
"US","Country",155,251,0.617529880478088,0.372549724709603,0,"Analysis_cou0006",2012-06-30,"AA-AA-000-0000"
"China","Country",184,311,0.591639871382637,-1.36186205472763,0,"Analysis_cou0006",2012-06-30,"AA-AA-000-0000"
"China","Country",145,311,0.466237942122186,1.38039314664179,0,"Analysis_cou0007",2012-06-30,"AA-AA-000-0000"
"Japan","Country",127,326,0.389570552147239,-0.590440025413748,0,"Analysis_cou0007",2012-06-30,"AA-AA-000-0000"
"US","Country",94,251,0.374501992031873,-0.863652324198681,0,"Analysis_cou0007",2012-06-30,"AA-AA-000-0000"
"US","Country",41754,412281,0.101275586311278,1.37815887033764,0,"Analysis_cou0008",2012-06-30,"AA-AA-000-0000"
"China","Country",53788,541971,0.0992451625640486,-0.161164889921303,0,"Analysis_cou0008",2012-06-30,"AA-AA-000-0000"
"Japan","Country",53666,546335,0.098229108514007,-1.03667931703412,0,"Analysis_cou0008",2012-06-30,"AA-AA-000-0000"
"China","Country",1090,53788,0.0202647430653677,1.22479913499682,0,"Analysis_cou0009",2012-06-30,"AA-AA-000-0000"
"US","Country",777,41754,0.018608995545337,-0.00170180881383741,0,"Analysis_cou0009",2012-06-30,"AA-AA-000-0000"
"Japan","Country",910,53666,0.0169567323817687,-1.22468942297947,0,"Analysis_cou0009",2012-06-30,"AA-AA-000-0000"
"Japan","Country",2742192,54658727,0.0501693352646138,1.38039110182774,0,"Analysis_cou0010",2012-06-30,"AA-AA-000-0000"
"US","Country",2051769,40977711,0.0500703663023052,-0.68413981419124,0,"Analysis_cou0010",2012-06-30,"AA-AA-000-0000"
"China","Country",2712800,54179991,0.0500701448990643,-0.791500549989178,0,"Analysis_cou0010",2012-06-30,"AA-AA-000-0000"
"US","Country",107798,412281,0.261467300215145,0.847678521774946,0,"Analysis_cou0011",2012-06-30,"AA-AA-000-0000"
"Japan","Country",142817,546335,0.261409208635727,0.63063014946712,0,"Analysis_cou0011",2012-06-30,"AA-AA-000-0000"
"China","Country",141493,541971,0.26107116432429,-1.37249653489709,0,"Analysis_cou0011",2012-06-30,"AA-AA-000-0000"
"China","Country",141,4378,0.0322064869803563,1.33115646806157,0,"Analysis_cou0012",2012-06-30,"AA-AA-000-0000"
"Japan","Country",109,4029,0.0270538595184909,-0.626638041180625,0,"Analysis_cou0012",2012-06-30,"AA-AA-000-0000"
"US","Country",72,2793,0.0257787325456498,-0.913973316286174,0,"Analysis_cou0012",2012-06-30,"AA-AA-000-0000"
"US","Country",2126,37424,0.0568084651560496,1.40305640175715,0,"Analysis_cou0001",2012-07-31,"AA-AA-000-0000"
"China","Country",2565,47777,0.0536869204847521,-0.24464515331981,0,"Analysis_cou0001",2012-07-31,"AA-AA-000-0000"
"Japan","Country",2564,48892,0.0524421173198069,-0.985688329263068,0,"Analysis_cou0001",2012-07-31,"AA-AA-000-0000"
"Japan","Country",1368,48892,0.0279800376339687,-1.25053740752207,-1,"Analysis_cou0002",2012-07-31,"AA-AA-000-0000"
"US","Country",1097,37424,0.0293127404873878,1.17748144496197,0,"Analysis_cou0002",2012-07-31,"AA-AA-000-0000"
"China","Country",1373,47777,0.0287376771249765,0.222920701502245,0,"Analysis_cou0002",2012-07-31,"AA-AA-000-0000"
"China","Country",3739,47777,0.0782594135253365,0.831815195600263,0,"Analysis_cou0003",2012-07-31,"AA-AA-000-0000"
"Japan","Country",3786,48892,0.0774359813466416,0.447837936125143,0,"Analysis_cou0003",2012-07-31,"AA-AA-000-0000"
"US","Country",2733,37424,0.0730280034202651,-1.45173160857497,0,"Analysis_cou0003",2012-07-31,"AA-AA-000-0000"
"Japan","Country",3668,48892,0.0750224985682729,1.34191171808733,0,"Analysis_cou0004",2012-07-31,"AA-AA-000-0000"
"China","Country",3516,47777,0.0735918956820227,-0.491238903203091,0,"Analysis_cou0004",2012-07-31,"AA-AA-000-0000"
"US","Country",2736,37424,0.0731081658828559,-0.978752921241997,0,"Analysis_cou0004",2012-07-31,"AA-AA-000-0000"
"Japan","Country",571,38291,0.0149121203415946,0.909537485831613,0,"Analysis_cou0005",2012-07-31,"AA-AA-000-0000"
"China","Country",541,36599,0.0147818246400175,0.337322713009963,0,"Analysis_cou0005",2012-07-31,"AA-AA-000-0000"
"US","Country",409,28564,0.0143187228679457,-1.43490590254368,0,"Analysis_cou0005",2012-07-31,"AA-AA-000-0000"
"US","Country",216,375,0.576,0.885287615358872,0,"Analysis_cou0006",2012-07-31,"AA-AA-000-0000"
"Japan","Country",274,481,0.56964656964657,0.575506729119206,0,"Analysis_cou0006",2012-07-31,"AA-AA-000-0000"
"China","Country",254,470,0.540425531914894,-1.3729740867295,0,"Analysis_cou0006",2012-07-31,"AA-AA-000-0000"
"China","Country",203,470,0.431914893617021,1.36049024921816,0,"Analysis_cou0007",2012-07-31,"AA-AA-000-0000"
"Japan","Country",175,481,0.363825363825364,-0.514504610897654,0,"Analysis_cou0007",2012-07-31,"AA-AA-000-0000"
"US","Country",129,375,0.344,-0.940399535914046,0,"Analysis_cou0007",2012-07-31,"AA-AA-000-0000"
"US","Country",67975,674691,0.100749824734582,1.37688339981094,0,"Analysis_cou0008",2012-07-31,"AA-AA-000-0000"
"China","Country",85845,866113,0.0991152424683615,-0.145084192704864,0,"Analysis_cou0008",2012-07-31,"AA-AA-000-0000"
"Japan","Country",90005,915764,0.0982840557174119,-1.04074140897354,0,"Analysis_cou0008",2012-07-31,"AA-AA-000-0000"
"China","Country",1707,85845,0.0198846758692993,1.38344579387952,0,"Analysis_cou0009",2012-07-31,"AA-AA-000-0000"
"US","Country",1211,67975,0.017815373299007,-0.506940456425135,0,"Analysis_cou0009",2012-07-31,"AA-AA-000-0000"
"Japan","Country",1573,90005,0.0174768068440642,-0.910543304317014,0,"Analysis_cou0009",2012-07-31,"AA-AA-000-0000"
"Japan","Country",4585181,91558708,0.0500791361101338,1.25195754741344,0,"Analysis_cou0010",2012-07-31,"AA-AA-000-0000"
"China","Country",4334960,86619817,0.050045822655109,-0.258637396377668,0,"Analysis_cou0010",2012-07-31,"AA-AA-000-0000"
"US","Country",3356146,67093806,0.0500216964886446,-1.1686355277286,0,"Analysis_cou0010",2012-07-31,"AA-AA-000-0000"
"US","Country",176834,674691,0.262096278148071,1.21168457628812,0,"Analysis_cou0011",2012-07-31,"AA-AA-000-0000"
"China","Country",226715,866113,0.261761456068665,0.188384045586176,0,"Analysis_cou0011",2012-07-31,"AA-AA-000-0000"
"Japan","Country",239355,915764,0.261371925517928,-1.22324647514475,0,"Analysis_cou0011",2012-07-31,"AA-AA-000-0000"
"China","Country",162,7676,0.0211047420531527,1.33661390931125,0,"Analysis_cou0012",2012-07-31,"AA-AA-000-0000"
"US","Country",99,5208,0.0190092165898618,-0.41663371774856,0,"Analysis_cou0012",2012-07-31,"AA-AA-000-0000"
"Japan","Country",134,7285,0.0183939601921757,-1.01974487136278,0,"Analysis_cou0012",2012-07-31,"AA-AA-000-0000"
"US","Country",3156,57386,0.054995992053811,1.45144803698508,0,"Analysis_cou0001",2012-08-31,"AA-AA-000-0000"
"China","Country",3621,68430,0.0529153879877247,-0.559313946076886,0,"Analysis_cou0001",2012-08-31,"AA-AA-000-0000"
"Japan","Country",3684,69870,0.0527264920566767,-0.761883524993207,0,"Analysis_cou0001",2012-08-31,"AA-AA-000-0000"
"Japan","Country",1892,69870,0.0270788607413768,-1.15098605193304,-1,"Analysis_cou0002",2012-08-31,"AA-AA-000-0000"
"US","Country",1621,57386,0.0282473077057122,1.29411911949917,0,"Analysis_cou0002",2012-08-31,"AA-AA-000-0000"
"China","Country",1888,68430,0.02759023819962,-0.0220638347140785,0,"Analysis_cou0002",2012-08-31,"AA-AA-000-0000"
"China","Country",4630,68430,0.0676603828730089,0.830132886703453,0,"Analysis_cou0003",2012-08-31,"AA-AA-000-0000"
"Japan","Country",4693,69870,0.0671675969657936,0.484341811819379,0,"Analysis_cou0003",2012-08-31,"AA-AA-000-0000"
"US","Country",3689,57386,0.0642839717004147,-1.4409345577565,0,"Analysis_cou0003",2012-08-31,"AA-AA-000-0000"
"Japan","Country",4510,69870,0.0645484471160727,1.28628430356862,0,"Analysis_cou0004",2012-08-31,"AA-AA-000-0000"
"China","Country",4321,68430,0.0631448195236008,-0.265781572436023,0,"Analysis_cou0004",2012-08-31,"AA-AA-000-0000"
"US","Country",3573,57386,0.0622625727529363,-1.12908495966709,0,"Analysis_cou0004",2012-08-31,"AA-AA-000-0000"
"Japan","Country",714,47125,0.0151511936339523,1.27430659797782,0,"Analysis_cou0005",2012-08-31,"AA-AA-000-0000"
"China","Country",668,45191,0.014781704321657,-0.24956064947099,0,"Analysis_cou0005",2012-08-31,"AA-AA-000-0000"
"US","Country",553,38046,0.0145350365347211,-1.14623827216937,0,"Analysis_cou0005",2012-08-31,"AA-AA-000-0000"
"US","Country",279,481,0.58004158004158,1.35883244198844,0,"Analysis_cou0006",2012-08-31,"AA-AA-000-0000"
"Japan","Country",329,576,0.571180555555556,-0.198089880653485,0,"Analysis_cou0006",2012-08-31,"AA-AA-000-0000"
"China","Country",319,563,0.566607460035524,-1.05562057283023,0,"Analysis_cou0006",2012-08-31,"AA-AA-000-0000"
"China","Country",252,563,0.447602131438721,1.3806810229821,0,"Analysis_cou0007",2012-08-31,"AA-AA-000-0000"
"Japan","Country",220,576,0.381944444444444,-0.555012728095046,0,"Analysis_cou0007",2012-08-31,"AA-AA-000-0000"
"US","Country",177,481,0.367983367983368,-0.886386362953317,0,"Analysis_cou0007",2012-08-31,"AA-AA-000-0000"
"US","Country",102128,1024968,0.0996401838886677,0.877871990192789,0,"Analysis_cou0008",2012-08-31,"AA-AA-000-0000"
"China","Country",118895,1195405,0.0994600156432339,0.597556844609034,0,"Analysis_cou0008",2012-08-31,"AA-AA-000-0000"
"Japan","Country",125073,1270157,0.0984705040400517,-1.36830792817108,0,"Analysis_cou0008",2012-08-31,"AA-AA-000-0000"
"China","Country",2369,118895,0.0199251440346524,1.3735000591999,0,"Analysis_cou0009",2012-08-31,"AA-AA-000-0000"
"Japan","Country",2266,125073,0.0181174194270546,-0.498938830477162,0,"Analysis_cou0009",2012-08-31,"AA-AA-000-0000"
"US","Country",1799,102128,0.0176151496161679,-0.929815912328868,0,"Analysis_cou0009",2012-08-31,"AA-AA-000-0000"
"US","Country",5116260,102097167,0.0501116744992542,0.809389793117582,0,"Analysis_cou0010",2012-08-31,"AA-AA-000-0000"
"Japan","Country",6364581,127013337,0.0501095487318785,0.62896488917506,0,"Analysis_cou0010",2012-08-31,"AA-AA-000-0000"
"China","Country",5989619,119568802,0.0500934934515778,-1.39617023710652,0,"Analysis_cou0010",2012-08-31,"AA-AA-000-0000"
"US","Country",268335,1024968,0.261798417121315,1.44058842050168,0,"Analysis_cou0011",2012-08-31,"AA-AA-000-0000"
"China","Country",312428,1195405,0.261357447894228,-0.468067142031836,0,"Analysis_cou0011",2012-08-31,"AA-AA-000-0000"
"Japan","Country",331869,1270157,0.261281873028295,-0.840010805446344,0,"Analysis_cou0011",2012-08-31,"AA-AA-000-0000"
"China","Country",183,12369,0.0147950521464953,1.34140551360033,0,"Analysis_cou0012",2012-08-31,"AA-AA-000-0000"
"US","Country",122,8844,0.0137946630483944,-0.402062154000861,0,"Analysis_cou0012",2012-08-31,"AA-AA-000-0000"
"Japan","Country",161,11939,0.0134852165172963,-1.01930234592236,0,"Analysis_cou0012",2012-08-31,"AA-AA-000-0000"
"China","Country",5583,99179,0.056292158622289,-1.21223939357944,-1,"Analysis_cou0001",2012-09-30,"AA-AA-000-0000"
"US","Country",5151,89336,0.057658726605176,1.23651843821418,0,"Analysis_cou0001",2012-09-30,"AA-AA-000-0000"
"Japan","Country",5645,99084,0.0569718622582859,0.0387014807278299,0,"Analysis_cou0001",2012-09-30,"AA-AA-000-0000"
"Japan","Country",2841,99084,0.0286726413951798,-1.01792782713688,-1,"Analysis_cou0002",2012-09-30,"AA-AA-000-0000"
"US","Country",2641,89336,0.0295625503716307,1.37211729327835,0,"Analysis_cou0002",2012-09-30,"AA-AA-000-0000"
"China","Country",2870,99179,0.0289375775113683,-0.284810590089081,0,"Analysis_cou0002",2012-09-30,"AA-AA-000-0000"
"China","Country",5923,99179,0.0597203036933222,1.07893834387582,0,"Analysis_cou0003",2012-09-30,"AA-AA-000-0000"
"Japan","Country",5805,99084,0.0585866537483347,0.193880104397728,0,"Analysis_cou0003",2012-09-30,"AA-AA-000-0000"
"US","Country",5050,89336,0.0565281633384078,-1.34100803697563,0,"Analysis_cou0003",2012-09-30,"AA-AA-000-0000"
"Japan","Country",5658,99084,0.0571030640668524,1.06098561336849,0,"Analysis_cou0004",2012-09-30,"AA-AA-000-0000"
"China","Country",5580,99179,0.0562619102834269,0.221714297136632,0,"Analysis_cou0004",2012-09-30,"AA-AA-000-0000"
"US","Country",4879,89336,0.0546140413718993,-1.35098197570149,0,"Analysis_cou0004",2012-09-30,"AA-AA-000-0000"
"China","Country",883,58160,0.0151822558459422,1.19250805577492,0,"Analysis_cou0005",2012-09-30,"AA-AA-000-0000"
"Japan","Country",860,58031,0.0148196653512778,-0.00699270141743699,0,"Analysis_cou0005",2012-09-30,"AA-AA-000-0000"
"US","Country",747,51805,0.0144194575813145,-1.25613519934711,0,"Analysis_cou0005",2012-09-30,"AA-AA-000-0000"
"China","Country",414,748,0.553475935828877,1.12809563442607,0,"Analysis_cou0006",2012-09-30,"AA-AA-000-0000"
"Japan","Country",412,750,0.549333333333333,0.122203403710764,0,"Analysis_cou0006",2012-09-30,"AA-AA-000-0000"
"US","Country",371,683,0.543191800878477,-1.30861245894663,0,"Analysis_cou0006",2012-09-30,"AA-AA-000-0000"
"China","Country",308,748,0.411764705882353,1.40253532804796,0,"Analysis_cou0007",2012-09-30,"AA-AA-000-0000"
"Japan","Country",269,750,0.358666666666667,-0.679149815482542,0,"Analysis_cou0007",2012-09-30,"AA-AA-000-0000"
"US","Country",243,683,0.355783308931186,-0.756075513230938,0,"Analysis_cou0007",2012-09-30,"AA-AA-000-0000"
"China","Country",178003,1781432,0.0999212992693519,1.17185242429439,0,"Analysis_cou0008",2012-09-30,"AA-AA-000-0000"
"US","Country",156197,1568841,0.0995620333736816,0.0974312498990622,0,"Analysis_cou0008",2012-09-30,"AA-AA-000-0000"
"Japan","Country",174200,1757883,0.0990964700153537,-1.2717189340489,0,"Analysis_cou0008",2012-09-30,"AA-AA-000-0000"
"China","Country",3423,178003,0.0192300129773094,1.39015820199593,0,"Analysis_cou0009",2012-09-30,"AA-AA-000-0000"
"US","Country",2736,156197,0.0175163415430514,-0.583836724352569,0,"Analysis_cou0009",2012-09-30,"AA-AA-000-0000"
"Japan","Country",3016,174200,0.0173134328358209,-0.852405333582983,0,"Analysis_cou0009",2012-09-30,"AA-AA-000-0000"
"China","Country",8928665,178189577,0.0501076726839079,1.14913763278321,0,"Analysis_cou0010",2012-09-30,"AA-AA-000-0000"
"Japan","Country",8802860,175750896,0.050087141518755,0.0646236096234013,0,"Analysis_cou0010",2012-09-30,"AA-AA-000-0000"
"US","Country",7838369,156580239,0.0500597588179694,-1.29433631255584,0,"Analysis_cou0010",2012-09-30,"AA-AA-000-0000"
"Japan","Country",458053,1757883,0.260570811595539,1.39376446789521,0,"Analysis_cou0011",2012-09-30,"AA-AA-000-0000"
"China","Country",463524,1781432,0.260197414215081,-0.602525667241295,0,"Analysis_cou0011",2012-09-30,"AA-AA-000-0000"
"US","Country",408125,1568841,0.260144272109156,-0.833296722871398,0,"Analysis_cou0011",2012-09-30,"AA-AA-000-0000"
"China","Country",202,19163,0.0105411470020352,1.36363320571481,0,"Analysis_cou0012",2012-09-30,"AA-AA-000-0000"
"US","Country",137,14433,0.00949213607704566,-0.497499122109267,0,"Analysis_cou0012",2012-09-30,"AA-AA-000-0000"
"Japan","Country",173,18635,0.00928360611752079,-0.944986298192968,0,"Analysis_cou0012",2012-09-30,"AA-AA-000-0000"
"China","Country",7391,134017,0.0551497198116657,-1.07468188432946,-1,"Analysis_cou0001",2012-10-31,"AA-AA-000-0000"
"US","Country",7319,128721,0.0568594091096247,1.33798893921228,0,"Analysis_cou0001",2012-10-31,"AA-AA-000-0000"
"Japan","Country",7625,136795,0.0557403413867466,-0.234188911009187,0,"Analysis_cou0001",2012-10-31,"AA-AA-000-0000"
"US","Country",3739,128721,0.0290473193962135,1.39723461099435,0,"Analysis_cou0002",2012-10-31,"AA-AA-000-0000"
"Japan","Country",3862,136795,0.028232026024343,-0.441157385271969,0,"Analysis_cou0002",2012-10-31,"AA-AA-000-0000"
"China","Country",3755,134017,0.0280188334315796,-0.923642573325555,0,"Analysis_cou0002",2012-10-31,"AA-AA-000-0000"
"China","Country",7061,134017,0.0526873456352552,1.38272172024397,0,"Analysis_cou0003",2012-10-31,"AA-AA-000-0000"
"Japan","Country",6929,136795,0.0506524361270514,-0.460866633327147,0,"Analysis_cou0003",2012-10-31,"AA-AA-000-0000"
"US","Country",6449,128721,0.0501006051848572,-0.935779135614416,0,"Analysis_cou0003",2012-10-31,"AA-AA-000-0000"
"Japan","Country",6981,136795,0.0510325669797873,1.30269470458008,0,"Analysis_cou0004",2012-10-31,"AA-AA-000-0000"
"China","Country",6727,134017,0.0501951244991307,-0.218018613008875,0,"Analysis_cou0004",2012-10-31,"AA-AA-000-0000"
"US","Country",6395,128721,0.049681093217113,-1.12047061141322,0,"Analysis_cou0004",2012-10-31,"AA-AA-000-0000"
"China","Country",1075,69911,0.0153766932242423,1.40457963799787,0,"Analysis_cou0005",2012-10-31,"AA-AA-000-0000"
"Japan","Country",1052,70864,0.0148453375479792,-0.614651905077959,0,"Analysis_cou0005",2012-10-31,"AA-AA-000-0000"
"US","Country",983,66471,0.0147884039656392,-0.805828192672496,0,"Analysis_cou0005",2012-10-31,"AA-AA-000-0000"
"US","Country",465,875,0.531428571428571,1.42471355294367,0,"Analysis_cou0006",2012-10-31,"AA-AA-000-0000"
"China","Country",476,905,0.525966850828729,-0.68275970118292,0,"Analysis_cou0006",2012-10-31,"AA-AA-000-0000"
"Japan","Country",487,926,0.525917926565875,-0.709951042325629,0,"Analysis_cou0006",2012-10-31,"AA-AA-000-0000"
"China","Country",364,905,0.402209944751381,1.40176121501893,0,"Analysis_cou0007",2012-10-31,"AA-AA-000-0000"
"Japan","Country",325,926,0.35097192224622,-0.560294591537963,0,"Analysis_cou0007",2012-10-31,"AA-AA-000-0000"
"US","Country",300,875,0.342857142857143,-0.849196954046565,0,"Analysis_cou0007",2012-10-31,"AA-AA-000-0000"
"China","Country",238283,2388722,0.099753340907816,0.868708554669772,0,"Analysis_cou0008",2012-10-31,"AA-AA-000-0000"
"Japan","Country",237543,2382985,0.0996829606564876,0.501361600165294,0,"Analysis_cou0008",2012-10-31,"AA-AA-000-0000"
"US","Country",223115,2246715,0.0993072107499171,-1.41208427259964,0,"Analysis_cou0008",2012-10-31,"AA-AA-000-0000"
"China","Country",4380,238283,0.018381504345673,1.28238065045751,0,"Analysis_cou0009",2012-10-31,"AA-AA-000-0000"
"Japan","Country",4119,237543,0.0173400184387669,-0.167810927300113,0,"Analysis_cou0009",2012-10-31,"AA-AA-000-0000"
"US","Country",3705,223115,0.0166057862537257,-1.15210214825373,0,"Analysis_cou0009",2012-10-31,"AA-AA-000-0000"
"China","Country",11982466,239071207,0.0501209081192283,1.40560019852745,0,"Analysis_cou0010",2012-10-31,"AA-AA-000-0000"
"US","Country",11225600,224244128,0.0500597277624144,-0.661442297176233,0,"Analysis_cou0010",2012-10-31,"AA-AA-000-0000"
"Japan","Country",11935410,238435121,0.0500572648439657,-0.766017081667128,0,"Analysis_cou0010",2012-10-31,"AA-AA-000-0000"
"Japan","Country",619702,2382985,0.260052832896556,1.08875255018486,0,"Analysis_cou0011",2012-10-31,"AA-AA-000-0000"
"US","Country",584045,2246715,0.259955089986937,0.244619101530025,0,"Analysis_cou0011",2012-10-31,"AA-AA-000-0000"
"China","Country",620521,2388722,0.259771124475766,-1.32468085954036,0,"Analysis_cou0011",2012-10-31,"AA-AA-000-0000"
"China","Country",214,28357,0.00754663751454667,1.33429676041164,0,"Analysis_cou0012",2012-10-31,"AA-AA-000-0000"
"Japan","Country",192,27823,0.00690076555367861,-0.436330464112713,0,"Analysis_cou0012",2012-10-31,"AA-AA-000-0000"
"US","Country",149,22420,0.00664585191793042,-1.01452840336886,0,"Analysis_cou0012",2012-10-31,"AA-AA-000-0000"
"US","Country",9804,168310,0.0582496583684867,1.41990082750937,0,"Analysis_cou0001",2012-11-30,"AA-AA-000-0000"
"Japan","Country",9917,171899,0.0576908533499322,-0.663249049021606,0,"Analysis_cou0001",2012-11-30,"AA-AA-000-0000"
"China","Country",10027,173862,0.0576721767838861,-0.737551583965594,0,"Analysis_cou0001",2012-11-30,"AA-AA-000-0000"
"Japan","Country",5032,171899,0.0292730033333527,-1.01119346251547,-1,"Analysis_cou0002",2012-11-30,"AA-AA-000-0000"
"US","Country",5035,168310,0.0299150377280019,1.36509312963914,0,"Analysis_cou0002",2012-11-30,"AA-AA-000-0000"
"China","Country",5121,173862,0.0294543948648928,-0.337651490116667,0,"Analysis_cou0002",2012-11-30,"AA-AA-000-0000"
"China","Country",8328,173862,0.0479000586672188,1.39680267969213,0,"Analysis_cou0003",2012-11-30,"AA-AA-000-0000"
"Japan","Country",7967,171899,0.0463469828213079,-0.54960395172185,0,"Analysis_cou0003",2012-11-30,"AA-AA-000-0000"
"US","Country",7757,168310,0.0460875764957519,-0.864220903621643,0,"Analysis_cou0003",2012-11-30,"AA-AA-000-0000"
"China","Country",8019,173862,0.0461227870379957,0.70627326175343,0,"Analysis_cou0004",2012-11-30,"AA-AA-000-0000"
"Japan","Country",7928,171899,0.0461201054107354,0.695279110217118,0,"Analysis_cou0004",2012-11-30,"AA-AA-000-0000"
"US","Country",7625,168310,0.0453033093696156,-1.42048056608595,0,"Analysis_cou0004",2012-11-30,"AA-AA-000-0000"
"China","Country",1284,82776,0.0155117425340678,1.36103295150202,0,"Analysis_cou0005",2012-11-30,"AA-AA-000-0000"
"US","Country",1199,79558,0.0150707659820508,-0.378845317510542,0,"Analysis_cou0005",2012-11-30,"AA-AA-000-0000"
"Japan","Country",1204,80739,0.0149122481081014,-1.0020307032851,0,"Analysis_cou0005",2012-11-30,"AA-AA-000-0000"
"US","Country",564,1005,0.561194029850746,1.41769528497684,0,"Analysis_cou0006",2012-11-30,"AA-AA-000-0000"
"Japan","Country",563,1026,0.548732943469786,-0.631508272808182,0,"Analysis_cou0006",2012-11-30,"AA-AA-000-0000"
"China","Country",566,1033,0.547918683446273,-0.768984642453451,0,"Analysis_cou0006",2012-11-30,"AA-AA-000-0000"
"China","Country",424,1033,0.410454985479187,1.40222286079607,0,"Analysis_cou0007",2012-11-30,"AA-AA-000-0000"
"US","Country",370,1005,0.368159203980099,-0.572956157712953,0,"Analysis_cou0007",2012-11-30,"AA-AA-000-0000"
"Japan","Country",372,1026,0.362573099415205,-0.839935884457674,0,"Analysis_cou0007",2012-11-30,"AA-AA-000-0000"
"Japan","Country",292816,2935395,0.0997535255050853,1.13134781536744,0,"Analysis_cou0008",2012-11-30,"AA-AA-000-0000"
"China","Country",304200,3058392,0.0994640320796026,0.16359803967412,0,"Analysis_cou0008",2012-11-30,"AA-AA-000-0000"
"US","Country",289379,2922210,0.0990274484037766,-1.30126392483543,0,"Analysis_cou0008",2012-11-30,"AA-AA-000-0000"
"China","Country",5403,304200,0.0177613412228797,1.10924469002381,0,"Analysis_cou0009",2012-11-30,"AA-AA-000-0000"
"Japan","Country",5028,292816,0.0171711928309928,0.179700765449668,0,"Analysis_cou0009",2012-11-30,"AA-AA-000-0000"
"US","Country",4686,289379,0.0161932966801323,-1.31806064069556,0,"Analysis_cou0009",2012-11-30,"AA-AA-000-0000"
"China","Country",15311095,305825417,0.0500648217868693,1.29530821613667,0,"Analysis_cou0010",2012-11-30,"AA-AA-000-0000"
"Japan","Country",14703723,293755204,0.0500543404841264,-0.192106048377074,0,"Analysis_cou0010",2012-11-30,"AA-AA-000-0000"
"US","Country",14594233,291607293,0.0500475583098671,-1.13369832468157,0,"Analysis_cou0010",2012-11-30,"AA-AA-000-0000"
"Japan","Country",764379,2935395,0.2604007297144,1.41784321114374,0,"Analysis_cou0011",2012-11-30,"AA-AA-000-0000"
"China","Country",794304,3058392,0.259712947195781,-0.671815235815942,0,"Analysis_cou0011",2012-11-30,"AA-AA-000-0000"
"US","Country",758861,2922210,0.25968735990911,-0.733747175489752,0,"Analysis_cou0011",2012-11-30,"AA-AA-000-0000"
"China","Country",235,40182,0.00584838982629038,1.26138170959597,0,"Analysis_cou0012",2012-11-30,"AA-AA-000-0000"
"Japan","Country",216,39479,0.00547126320322197,-0.204708752584823,0,"Analysis_cou0012",2012-11-30,"AA-AA-000-0000"
"US","Country",171,32932,0.00519251791570509,-1.16919224651548,0,"Analysis_cou0012",2012-11-30,"AA-AA-000-0000"
"China","Country",11865,213145,0.0556663304323348,-1.37405825928678,-1,"Analysis_cou0001",2012-12-31,"AA-AA-000-0000"
"Japan","Country",11983,213006,0.0562566312686028,0.973682421223515,0,"Analysis_cou0001",2012-12-31,"AA-AA-000-0000"
"US","Country",11716,208787,0.056114604836508,0.404853606487693,0,"Analysis_cou0001",2012-12-31,"AA-AA-000-0000"
"US","Country",5986,208787,0.0286703674079325,1.41764437406897,0,"Analysis_cou0002",2012-12-31,"AA-AA-000-0000"
"Japan","Country",6030,213006,0.0283090617165714,-0.648373884739973,0,"Analysis_cou0002",2012-12-31,"AA-AA-000-0000"
"China","Country",6030,213145,0.0282906002955734,-0.754914388694377,0,"Analysis_cou0002",2012-12-31,"AA-AA-000-0000"
"China","Country",9350,213145,0.043866851204579,1.41170024473173,0,"Analysis_cou0003",2012-12-31,"AA-AA-000-0000"
"Japan","Country",9031,213006,0.0423978667267589,-0.709298272004891,0,"Analysis_cou0003",2012-12-31,"AA-AA-000-0000"
"US","Country",8851,208787,0.0423924861222203,-0.709928433262996,0,"Analysis_cou0003",2012-12-31,"AA-AA-000-0000"
"China","Country",9110,213145,0.0427408571629642,1.01296269631329,0,"Analysis_cou0004",2012-12-31,"AA-AA-000-0000"
"Japan","Country",9058,213006,0.0425246237195196,0.33705901024795,0,"Analysis_cou0004",2012-12-31,"AA-AA-000-0000"
"US","Country",8764,208787,0.0419757935120482,-1.36392734391843,0,"Analysis_cou0004",2012-12-31,"AA-AA-000-0000"
"China","Country",1463,93357,0.0156710262754801,1.40847385463799,0,"Analysis_cou0005",2012-12-31,"AA-AA-000-0000"
"US","Country",1378,91072,0.0151308854532677,-0.65626098651737,0,"Analysis_cou0005",2012-12-31,"AA-AA-000-0000"
"Japan","Country",1392,92165,0.0151033472576358,-0.765194693118334,0,"Analysis_cou0005",2012-12-31,"AA-AA-000-0000"
"Japan","Country",661,1110,0.595495495495496,1.24844483263609,0,"Analysis_cou0006",2012-12-31,"AA-AA-000-0000"
"US","Country",637,1094,0.582266910420475,-0.0475327851452078,0,"Analysis_cou0006",2012-12-31,"AA-AA-000-0000"
"China","Country",635,1113,0.570530098831986,-1.19963583399321,0,"Analysis_cou0006",2012-12-31,"AA-AA-000-0000"
"China","Country",472,1113,0.4240790655885,1.24742687190594,0,"Analysis_cou0007",2012-12-31,"AA-AA-000-0000"
"US","Country",438,1094,0.40036563071298,-0.0488220117205675,0,"Analysis_cou0007",2012-12-31,"AA-AA-000-0000"
"Japan","Country",421,1110,0.379279279279279,-1.20064258229438,0,"Analysis_cou0007",2012-12-31,"AA-AA-000-0000"
"Japan","Country",353758,3545128,0.0997870880825742,1.00422635099868,0,"Analysis_cou0008",2012-12-31,"AA-AA-000-0000"
"China","Country",364739,3662512,0.099587113980787,0.356507146071697,0,"Analysis_cou0008",2012-12-31,"AA-AA-000-0000"
"US","Country",351778,3551079,0.0990622850125272,-1.36544208619761,0,"Analysis_cou0008",2012-12-31,"AA-AA-000-0000"
"China","Country",6516,364739,0.0178648293711394,0.755262634985831,0,"Analysis_cou0009",2012-12-31,"AA-AA-000-0000"
"Japan","Country",6294,353758,0.017791823789144,0.647149335803274,0,"Analysis_cou0009",2012-12-31,"AA-AA-000-0000"
"US","Country",5709,351778,0.0162289853259726,-1.41801836707556,0,"Analysis_cou0009",2012-12-31,"AA-AA-000-0000"
"China","Country",18306825,365771148,0.050049942703518,1.36138221063954,0,"Analysis_cou0010",2012-12-31,"AA-AA-000-0000"
"US","Country",17721082,354170094,0.0500355120328144,-0.383020055943438,0,"Analysis_cou0010",2012-12-31,"AA-AA-000-0000"
"Japan","Country",17737399,354532792,0.0500303481095199,-0.999967056106988,0,"Analysis_cou0010",2012-12-31,"AA-AA-000-0000"
"Japan","Country",920940,3545128,0.259776233749529,1.04184592818809,0,"Analysis_cou0011",2012-12-31,"AA-AA-000-0000"
"US","Country",921233,3551079,0.25942340342189,0.324945718052031,0,"Analysis_cou0011",2012-12-31,"AA-AA-000-0000"
"China","Country",947172,3662512,0.258612668026753,-1.34497856571678,0,"Analysis_cou0011",2012-12-31,"AA-AA-000-0000"
"China","Country",246,54623,0.00450359738571664,1.14508224086359,0,"Analysis_cou0012",2012-12-31,"AA-AA-000-0000"
"Japan","Country",230,53761,0.00427819423001804,0.0471267586125974,0,"Analysis_cou0012",2012-12-31,"AA-AA-000-0000"
"US","Country",183,46005,0.00397782849690251,-1.29867845530812,0,"Analysis_cou0012",2012-12-31,"AA-AA-000-0000"
