"studyid","workflowid","threshold","numerator","denominator","log_denominator","gsm_analysis_date"
"AA-AA-000-0000","kri0001",2,2.93789129006385,254.929485766191,5.54098698051086,2022-10-31
"AA-AA-000-0000","kri0001",2,3.02124308358391,268,5.59098698051086,2022-10-31
"AA-AA-000-0000","kri0001",2,3.10716528669434,281.740653828774,5.64098698051086,2022-10-31
"AA-AA-000-0000","kri0001",2,3.1957465722161,296.185806044274,5.69098698051086,2022-10-31
"AA-AA-000-0000","kri0001",2,3.28707906786409,311.37157705118,5.74098698051086,2022-10-31
"AA-AA-000-0000","kri0001",2,3.38125850575294,327.335939186926,5.79098698051086,2022-10-31
"AA-AA-000-0000","kri0001",2,3.47838437886865,344.118811672315,5.84098698051086,2022-10-31
"AA-AA-000-0000","kri0001",2,3.57856010484552,361.762160430369,5.89098698051086,2022-10-31
"AA-AA-000-0000","kri0001",2,3.68189319740486,380.310103022993,5.94098698051086,2022-10-31
"AA-AA-000-0000","kri0001",2,3.78849544582943,399.809018967861,5.99098698051086,2022-10-31
"AA-AA-000-0000","kri0001",2,3.8984831028669,420.307665711365,6.04098698051086,2022-10-31
"AA-AA-000-0000","kri0001",2,4.01197708147456,441.857300547634,6.09098698051086,2022-10-31
"AA-AA-000-0000","kri0001",2,4.12910316083881,464.511808788462,6.14098698051086,2022-10-31
"AA-AA-000-0000","kri0001",2,4.24999220212415,488.327838504657,6.19098698051086,2022-10-31
"AA-AA-000-0000","kri0001",2,4.37478037442963,513.364942175724,6.24098698051086,2022-10-31
"AA-AA-000-0000","kri0001",2,4.50360939145428,539.685725602088,6.29098698051086,2022-10-31
"AA-AA-000-0000","kri0001",2,4.63662675939855,567.356004452197,6.34098698051086,2022-10-31
"AA-AA-000-0000","kri0001",2,4.7739860366551,596.444968835981,6.39098698051086,2022-10-31
"AA-AA-000-0000","kri0001",2,4.91584710586994,627.025356316166,6.44098698051086,2022-10-31
"AA-AA-000-0000","kri0001",2,5.06237645898443,659.173633790063,6.49098698051086,2022-10-31
"AA-AA-000-0000","kri0001",2,5.21374749589908,692.970188696647,6.54098698051086,2022-10-31
"AA-AA-000-0000","kri0001",2,5.37014083743251,728.499530027024,6.59098698051086,2022-10-31
"AA-AA-000-0000","kri0001",2,5.53174465328255,765.850499640928,6.64098698051086,2022-10-31
"AA-AA-000-0000","kri0001",2,5.6987550057325,805.116494417644,6.69098698051086,2022-10-31
"AA-AA-000-0000","kri0001",2,5.8713762098825,846.395699796858,6.74098698051086,2022-10-31
"AA-AA-000-0000","kri0001",2,6.0498212112257,889.791335293395,6.79098698051086,2022-10-31
"AA-AA-000-0000","kri0001",2,6.23431198142987,935.411912599773,6.84098698051086,2022-10-31
"AA-AA-000-0000","kri0001",2,6.42507993322877,983.371506921957,6.89098698051086,2022-10-31
"AA-AA-000-0000","kri0001",2,6.62236635537313,1033.79004222679,6.94098698051086,2022-10-31
"AA-AA-000-0000","kri0001",2,6.82642286863895,1086.79359111437,6.99098698051086,2022-10-31
"AA-AA-000-0000","kri0001",2,7.03751190394138,1142.51469006524,7.04098698051086,2022-10-31
"AA-AA-000-0000","kri0001",2,7.2559072036552,1201.0926708506,7.09098698051086,2022-10-31
"AA-AA-000-0000","kri0001",2,7.48189434729876,1262.67400893432,7.14098698051086,2022-10-31
"AA-AA-000-0000","kri0001",2,7.71577130279645,1327.41268973789,7.19098698051086,2022-10-31
"AA-AA-000-0000","kri0001",2,7.95784900459651,1395.4705936842,7.24098698051086,2022-10-31
"AA-AA-000-0000","kri0001",2,8.20845195998534,1467.01790098289,7.29098698051086,2022-10-31
"AA-AA-000-0000","kri0001",2,8.46791888500744,1542.23351716954,7.34098698051086,2022-10-31
"AA-AA-000-0000","kri0001",2,8.73660337147142,1621.30552046267,7.39098698051086,2022-10-31
"AA-AA-000-0000","kri0001",2,9.0148745865974,1704.43163205729,7.44098698051086,2022-10-31
"AA-AA-000-0000","kri0001",3,4.23387635222732,254.929485766191,5.54098698051086,2022-10-31
"AA-AA-000-0000","kri0001",3,4.35003616379391,268,5.59098698051086,2022-10-31
"AA-AA-000-0000","kri0001",3,4.46959692388188,281.740653828774,5.64098698051086,2022-10-31
"AA-AA-000-0000","kri0001",3,4.59266833050534,296.185806044274,5.69098698051086,2022-10-31
"AA-AA-000-0000","kri0001",3,4.71936406882763,311.37157705118,5.74098698051086,2022-10-31
"AA-AA-000-0000","kri0001",3,4.8498019741412,327.335939186926,5.79098698051086,2022-10-31
"AA-AA-000-0000","kri0001",3,4.98410420215451,344.118811672315,5.84098698051086,2022-10-31
"AA-AA-000-0000","kri0001",3,5.12239740693389,361.762160430369,5.89098698051086,2022-10-31
"AA-AA-000-0000","kri0001",3,5.26481292686571,380.310103022993,5.94098698051086,2022-10-31
"AA-AA-000-0000","kri0001",3,5.41148697902208,399.809018967861,5.99098698051086,2022-10-31
"AA-AA-000-0000","kri0001",3,5.56256086233244,420.307665711365,6.04098698051086,2022-10-31
"AA-AA-000-0000","kri0001",3,5.71818116998299,441.857300547634,6.09098698051086,2022-10-31
"AA-AA-000-0000","kri0001",3,5.8785000114871,464.511808788462,6.14098698051086,2022-10-31
"AA-AA-000-0000","kri0001",3,6.04367524489167,488.327838504657,6.19098698051086,2022-10-31
"AA-AA-000-0000","kri0001",3,6.21387071960743,513.364942175724,6.24098698051086,2022-10-31
"AA-AA-000-0000","kri0001",3,6.38925653037556,539.685725602088,6.29098698051086,2022-10-31
"AA-AA-000-0000","kri0001",3,6.57000928290818,567.356004452197,6.34098698051086,2022-10-31
"AA-AA-000-0000","kri0001",3,6.7563123717672,596.444968835981,6.39098698051086,2022-10-31
"AA-AA-000-0000","kri0001",3,6.94835627107415,627.025356316166,6.44098698051086,2022-10-31
"AA-AA-000-0000","kri0001",3,7.14633883867278,659.173633790063,6.49098698051086,2022-10-31
"AA-AA-000-0000","kri0001",3,7.35046563439763,692.970188696647,6.54098698051086,2022-10-31
"AA-AA-000-0000","kri0001",3,7.56095025313388,728.499530027024,6.59098698051086,2022-10-31
"AA-AA-000-0000","kri0001",3,7.77801467338845,765.850499640928,6.64098698051086,2022-10-31
"AA-AA-000-0000","kri0001",3,8.00188962212779,805.116494417644,6.69098698051086,2022-10-31
"AA-AA-000-0000","kri0001",3,8.23281495667582,846.395699796858,6.74098698051086,2022-10-31
"AA-AA-000-0000","kri0001",3,8.47104006450516,889.791335293395,6.79098698051086,2022-10-31
"AA-AA-000-0000","kri0001",3,8.71682428179611,935.411912599773,6.84098698051086,2022-10-31
"AA-AA-000-0000","kri0001",3,8.97043733168216,983.371506921957,6.89098698051086,2022-10-31
"AA-AA-000-0000","kri0001",3,9.23215978314612,1033.79004222679,6.94098698051086,2022-10-31
"AA-AA-000-0000","kri0001",3,9.50228353157988,1086.79359111437,6.99098698051086,2022-10-31
"AA-AA-000-0000","kri0001",3,9.78111230207123,1142.51469006524,7.04098698051086,2022-10-31
"AA-AA-000-0000","kri0001",3,10.0689621765346,1201.0926708506,7.09098698051086,2022-10-31
"AA-AA-000-0000","kri0001",3,10.3661621458584,1262.67400893432,7.14098698051086,2022-10-31
"AA-AA-000-0000","kri0001",3,10.6730546883014,1327.41268973789,7.19098698051086,2022-10-31
"AA-AA-000-0000","kri0001",3,10.9899963754304,1395.4705936842,7.24098698051086,2022-10-31
"AA-AA-000-0000","kri0001",3,11.3173585069597,1467.01790098289,7.29098698051086,2022-10-31
"AA-AA-000-0000","kri0001",3,11.6555277759177,1542.23351716954,7.34098698051086,2022-10-31
"AA-AA-000-0000","kri0001",3,12.0049069656398,1621.30552046267,7.39098698051086,2022-10-31
"AA-AA-000-0000","kri0001",3,12.3659156801625,1704.43163205729,7.44098698051086,2022-10-31
"AA-AA-000-0000","kri0001",0,0.345921165736902,254.929485766191,5.54098698051086,2022-10-31
"AA-AA-000-0000","kri0001",0,0.363656923163906,268,5.59098698051086,2022-10-31
"AA-AA-000-0000","kri0001",0,0.382302012319251,281.740653828774,5.64098698051086,2022-10-31
"AA-AA-000-0000","kri0001",0,0.401903055637619,296.185806044274,5.69098698051086,2022-10-31
"AA-AA-000-0000","kri0001",0,0.422509065937034,311.37157705118,5.74098698051086,2022-10-31
"AA-AA-000-0000","kri0001",0,0.444171568976435,327.335939186926,5.79098698051086,2022-10-31
"AA-AA-000-0000","kri0001",0,0.466944732296916,344.118811672315,5.84098698051086,2022-10-31
"AA-AA-000-0000","kri0001",0,0.490885500668788,361.762160430369,5.89098698051086,2022-10-31
"AA-AA-000-0000","kri0001",0,0.51605373848317,380.310103022993,5.94098698051086,2022-10-31
"AA-AA-000-0000","kri0001",0,0.542512379444148,399.809018967861,5.99098698051086,2022-10-31
"AA-AA-000-0000","kri0001",0,0.570327583935815,420.307665711365,6.04098698051086,2022-10-31
"AA-AA-000-0000","kri0001",0,0.599568904457693,441.857300547634,6.09098698051086,2022-10-31
"AA-AA-000-0000","kri0001",0,0.630309459542211,464.511808788462,6.14098698051086,2022-10-31
"AA-AA-000-0000","kri0001",0,0.66262611658912,488.327838504657,6.19098698051086,2022-10-31
"AA-AA-000-0000","kri0001",0,0.696599684074031,513.364942175724,6.24098698051086,2022-10-31
"AA-AA-000-0000","kri0001",0,0.732315113611698,539.685725602088,6.29098698051086,2022-10-31
"AA-AA-000-0000","kri0001",0,0.769861712379302,567.356004452197,6.34098698051086,2022-10-31
"AA-AA-000-0000","kri0001",0,0.809333366430912,596.444968835981,6.39098698051086,2022-10-31
"AA-AA-000-0000","kri0001",0,0.850828775461524,627.025356316166,6.44098698051086,2022-10-31
"AA-AA-000-0000","kri0001",0,0.894451699607707,659.173633790063,6.49098698051086,2022-10-31
"AA-AA-000-0000","kri0001",0,0.940311218901992,692.970188696647,6.54098698051086,2022-10-31
"AA-AA-000-0000","kri0001",0,0.988522006029772,728.499530027024,6.59098698051086,2022-10-31
"AA-AA-000-0000","kri0001",0,1.03920461307074,765.850499640928,6.64098698051086,2022-10-31
"AA-AA-000-0000","kri0001",0,1.0924857729419,805.116494417644,6.69098698051086,2022-10-31
"AA-AA-000-0000","kri0001",0,1.14849871629584,846.395699796858,6.74098698051086,2022-10-31
"AA-AA-000-0000","kri0001",0,1.20738350466679,889.791335293395,6.79098698051086,2022-10-31
"AA-AA-000-0000","kri0001",0,1.26928738069738,935.411912599773,6.84098698051086,2022-10-31
"AA-AA-000-0000","kri0001",0,1.33436513632199,983.371506921957,6.89098698051086,2022-10-31
"AA-AA-000-0000","kri0001",0,1.40277949982716,1033.79004222679,6.94098698051086,2022-10-31
"AA-AA-000-0000","kri0001",0,1.47470154275711,1086.79359111437,6.99098698051086,2022-10-31
"AA-AA-000-0000","kri0001",0,1.55031110768168,1142.51469006524,7.04098698051086,2022-10-31
"AA-AA-000-0000","kri0001",0,1.62979725789645,1201.0926708506,7.09098698051086,2022-10-31
"AA-AA-000-0000","kri0001",0,1.71335875017943,1262.67400893432,7.14098698051086,2022-10-31
"AA-AA-000-0000","kri0001",0,1.80120453178659,1327.41268973789,7.19098698051086,2022-10-31
"AA-AA-000-0000","kri0001",0,1.89355426292875,1395.4705936842,7.24098698051086,2022-10-31
"AA-AA-000-0000","kri0001",0,1.9906388660366,1467.01790098289,7.29098698051086,2022-10-31
"AA-AA-000-0000","kri0001",0,2.09270110318702,1542.23351716954,7.34098698051086,2022-10-31
"AA-AA-000-0000","kri0001",0,2.19999618313473,1621.30552046267,7.39098698051086,2022-10-31
"AA-AA-000-0000","kri0001",0,2.31279239946712,1704.43163205729,7.44098698051086,2022-10-31
"AA-AA-000-0000","kri0002",2,0.188377009424182,254.929485766191,5.54098698051086,2022-10-31
"AA-AA-000-0000","kri0002",2,0.193332852818129,268,5.59098698051086,2022-10-31
"AA-AA-000-0000","kri0002",2,0.1984237445868,281.740653828774,5.64098698051086,2022-10-31
"AA-AA-000-0000","kri0002",2,0.203653595216752,296.185806044274,5.69098698051086,2022-10-31
"AA-AA-000-0000","kri0002",2,0.209026439400039,311.37157705118,5.74098698051086,2022-10-31
"AA-AA-000-0000","kri0002",2,0.214546440471088,327.335939186926,5.79098698051086,2022-10-31
"AA-AA-000-0000","kri0002",2,0.220217895022165,344.118811672315,5.84098698051086,2022-10-31
"AA-AA-000-0000","kri0002",2,0.226045237705361,361.762160430369,5.89098698051086,2022-10-31
"AA-AA-000-0000","kri0002",2,0.232033046229372,380.310103022993,5.94098698051086,2022-10-31
"AA-AA-000-0000","kri0002",2,0.238186046559781,399.809018967861,5.99098698051086,2022-10-31
"AA-AA-000-0000","kri0002",2,0.24450911833193,420.307665711365,6.04098698051086,2022-10-31
"AA-AA-000-0000","kri0002",2,0.251007300485911,441.857300547634,6.09098698051086,2022-10-31
"AA-AA-000-0000","kri0002",2,0.25768579713367,464.511808788462,6.14098698051086,2022-10-31
"AA-AA-000-0000","kri0002",2,0.264549983668687,488.327838504657,6.19098698051086,2022-10-31
"AA-AA-000-0000","kri0002",2,0.271605413129179,513.364942175724,6.24098698051086,2022-10-31
"AA-AA-000-0000","kri0002",2,0.278857822826341,539.685725602088,6.29098698051086,2022-10-31
"AA-AA-000-0000","kri0002",2,0.286313141249633,567.356004452197,6.34098698051086,2022-10-31
"AA-AA-000-0000","kri0002",2,0.293977495261753,596.444968835981,6.39098698051086,2022-10-31
"AA-AA-000-0000","kri0002",2,0.301857217596503,627.025356316166,6.44098698051086,2022-10-31
"AA-AA-000-0000","kri0002",2,0.309958854673413,659.173633790063,6.49098698051086,2022-10-31
"AA-AA-000-0000","kri0002",2,0.318289174743656,692.970188696647,6.54098698051086,2022-10-31
"AA-AA-000-0000","kri0002",2,0.326855176382471,728.499530027024,6.59098698051086,2022-10-31
"AA-AA-000-0000","kri0002",2,0.33566409734407,765.850499640928,6.64098698051086,2022-10-31
"AA-AA-000-0000","kri0002",2,0.344723423795762,805.116494417644,6.69098698051086,2022-10-31
"AA-AA-000-0000","kri0002",2,0.354040899948843,846.395699796858,6.74098698051086,2022-10-31
"AA-AA-000-0000","kri0002",2,0.363624538104662,889.791335293395,6.79098698051086,2022-10-31
"AA-AA-000-0000","kri0002",2,0.373482629135145,935.411912599773,6.84098698051086,2022-10-31
"AA-AA-000-0000","kri0002",2,0.383623753418026,983.371506921957,6.89098698051086,2022-10-31
"AA-AA-000-0000","kri0002",2,0.394056792247995,1033.79004222679,6.94098698051086,2022-10-31
"AA-AA-000-0000","kri0002",2,0.404790939746028,1086.79359111437,6.99098698051086,2022-10-31
"AA-AA-000-0000","kri0002",2,0.415835715290231,1142.51469006524,7.04098698051086,2022-10-31
"AA-AA-000-0000","kri0002",2,0.427200976492695,1201.0926708506,7.09098698051086,2022-10-31
"AA-AA-000-0000","kri0002",2,0.438896932748031,1262.67400893432,7.14098698051086,2022-10-31
"AA-AA-000-0000","kri0002",2,0.450934159380533,1327.41268973789,7.19098698051086,2022-10-31
"AA-AA-000-0000","kri0002",2,0.463323612418225,1395.4705936842,7.24098698051086,2022-10-31
"AA-AA-000-0000","kri0002",2,0.476076644023454,1467.01790098289,7.29098698051086,2022-10-31
"AA-AA-000-0000","kri0002",2,0.489205018611108,1542.23351716954,7.34098698051086,2022-10-31
"AA-AA-000-0000","kri0002",2,0.502720929687131,1621.30552046267,7.39098698051086,2022-10-31
"AA-AA-000-0000","kri0002",2,0.516637017441544,1704.43163205729,7.44098698051086,2022-10-31
"AA-AA-000-0000","kri0002",3,0.278962168659847,254.929485766191,5.54098698051086,2022-10-31
"AA-AA-000-0000","kri0002",3,0.286211186277569,268,5.59098698051086,2022-10-31
"AA-AA-000-0000","kri0002",3,0.293653304251874,281.740653828774,5.64098698051086,2022-10-31
"AA-AA-000-0000","kri0002",3,0.301293902662235,296.185806044274,5.69098698051086,2022-10-31
"AA-AA-000-0000","kri0002",3,0.309138522996547,311.37157705118,5.74098698051086,2022-10-31
"AA-AA-000-0000","kri0002",3,0.317192873529793,327.335939186926,5.79098698051086,2022-10-31
"AA-AA-000-0000","kri0002",3,0.325462834905155,344.118811672315,5.84098698051086,2022-10-31
"AA-AA-000-0000","kri0002",3,0.333954465926075,361.762160430369,5.89098698051086,2022-10-31
"AA-AA-000-0000","kri0002",3,0.342674009568191,380.310103022993,5.94098698051086,2022-10-31
"AA-AA-000-0000","kri0002",3,0.351627899220461,399.809018967861,5.99098698051086,2022-10-31
"AA-AA-000-0000","kri0002",3,0.36082276516523,420.307665711365,6.04098698051086,2022-10-31
"AA-AA-000-0000","kri0002",3,0.370265441307431,441.857300547634,6.09098698051086,2022-10-31
"AA-AA-000-0000","kri0002",3,0.379962972163607,464.511808788462,6.14098698051086,2022-10-31
"AA-AA-000-0000","kri0002",3,0.389922620121893,488.327838504657,6.19098698051086,2022-10-31
"AA-AA-000-0000","kri0002",3,0.400151872984664,513.364942175724,6.24098698051086,2022-10-31
"AA-AA-000-0000","kri0002",3,0.410658451806056,539.685725602088,6.29098698051086,2022-10-31
"AA-AA-000-0000","kri0002",3,0.421450319037166,567.356004452197,6.34098698051086,2022-10-31
"AA-AA-000-0000","kri0002",3,0.432535686992308,596.444968835981,6.39098698051086,2022-10-31
"AA-AA-000-0000","kri0002",3,0.443923026650364,627.025356316166,6.44098698051086,2022-10-31
"AA-AA-000-0000","kri0002",3,0.455621076805873,659.173633790063,6.49098698051086,2022-10-31
"AA-AA-000-0000","kri0002",3,0.467638853585255,692.970188696647,6.54098698051086,2022-10-31
"AA-AA-000-0000","kri0002",3,0.47998566034423,728.499530027024,6.59098698051086,2022-10-31
"AA-AA-000-0000","kri0002",3,0.492671097963285,765.850499640928,6.64098698051086,2022-10-31
"AA-AA-000-0000","kri0002",3,0.505705075558831,805.116494417644,6.69098698051086,2022-10-31
"AA-AA-000-0000","kri0002",3,0.519097821628516,846.395699796858,6.74098698051086,2022-10-31
"AA-AA-000-0000","kri0002",3,0.532859895650047,889.791335293395,6.79098698051086,2022-10-31
"AA-AA-000-0000","kri0002",3,0.547002200153787,935.411912599773,6.84098698051086,2022-10-31
"AA-AA-000-0000","kri0002",3,0.561535993290351,983.371506921957,6.89098698051086,2022-10-31
"AA-AA-000-0000","kri0002",3,0.57647290191546,1033.79004222679,6.94098698051086,2022-10-31
"AA-AA-000-0000","kri0002",3,0.591824935215321,1086.79359111437,6.99098698051086,2022-10-31
"AA-AA-000-0000","kri0002",3,0.607604498896995,1142.51469006524,7.04098698051086,2022-10-31
"AA-AA-000-0000","kri0002",3,0.623824409969288,1201.0926708506,7.09098698051086,2022-10-31
"AA-AA-000-0000","kri0002",3,0.640497912141011,1262.67400893432,7.14098698051086,2022-10-31
"AA-AA-000-0000","kri0002",3,0.657638691864689,1327.41268973789,7.19098698051086,2022-10-31
"AA-AA-000-0000","kri0002",3,0.675260895055164,1395.4705936842,7.24098698051086,2022-10-31
"AA-AA-000-0000","kri0002",3,0.693379144513966,1467.01790098289,7.29098698051086,2022-10-31
"AA-AA-000-0000","kri0002",3,0.712008558091797,1542.23351716954,7.34098698051086,2022-10-31
"AA-AA-000-0000","kri0002",3,0.731164767623044,1621.30552046267,7.39098698051086,2022-10-31
"AA-AA-000-0000","kri0002",3,0.750863938667867,1704.43163205729,7.44098698051086,2022-10-31
"AA-AA-000-0000","kri0002",0,0.00720669095285213,254.929485766191,5.54098698051086,2022-10-31
"AA-AA-000-0000","kri0002",0,0.00757618589924803,268,5.59098698051086,2022-10-31
"AA-AA-000-0000","kri0002",0,0.00796462525665105,281.740653828774,5.64098698051086,2022-10-31
"AA-AA-000-0000","kri0002",0,0.00837298032578373,296.185806044274,5.69098698051086,2022-10-31
"AA-AA-000-0000","kri0002",0,0.00880227220702154,311.37157705118,5.74098698051086,2022-10-31
"AA-AA-000-0000","kri0002",0,0.00925357435367574,327.335939186926,5.79098698051086,2022-10-31
"AA-AA-000-0000","kri0002",0,0.00972801525618575,344.118811672315,5.84098698051086,2022-10-31
"AA-AA-000-0000","kri0002",0,0.0102267812639331,361.762160430369,5.89098698051086,2022-10-31
"AA-AA-000-0000","kri0002",0,0.0107511195517327,380.310103022993,5.94098698051086,2022-10-31
"AA-AA-000-0000","kri0002",0,0.0113023412384198,399.809018967861,5.99098698051086,2022-10-31
"AA-AA-000-0000","kri0002",0,0.0118818246653295,420.307665711365,6.04098698051086,2022-10-31
"AA-AA-000-0000","kri0002",0,0.0124910188428686,441.857300547634,6.09098698051086,2022-10-31
"AA-AA-000-0000","kri0002",0,0.0131314470737961,464.511808788462,6.14098698051086,2022-10-31
"AA-AA-000-0000","kri0002",0,0.0138047107622733,488.327838504657,6.19098698051086,2022-10-31
"AA-AA-000-0000","kri0002",0,0.014512493418209,513.364942175724,6.24098698051086,2022-10-31
"AA-AA-000-0000","kri0002",0,0.0152565648669104,539.685725602088,6.29098698051086,2022-10-31
"AA-AA-000-0000","kri0002",0,0.0160387856745688,567.356004452197,6.34098698051086,2022-10-31
"AA-AA-000-0000","kri0002",0,0.016861111800644,596.444968835981,6.39098698051086,2022-10-31
"AA-AA-000-0000","kri0002",0,0.0177255994887818,627.025356316166,6.44098698051086,2022-10-31
"AA-AA-000-0000","kri0002",0,0.0186344104084939,659.173633790063,6.49098698051086,2022-10-31
"AA-AA-000-0000","kri0002",0,0.0195898170604582,692.970188696647,6.54098698051086,2022-10-31
"AA-AA-000-0000","kri0002",0,0.0205942084589536,728.499530027024,6.59098698051086,2022-10-31
"AA-AA-000-0000","kri0002",0,0.0216500961056405,765.850499640928,6.64098698051086,2022-10-31
"AA-AA-000-0000","kri0002",0,0.022760120269623,805.116494417644,6.69098698051086,2022-10-31
"AA-AA-000-0000","kri0002",0,0.0239270565894967,846.395699796858,6.74098698051086,2022-10-31
"AA-AA-000-0000","kri0002",0,0.0251538230138914,889.791335293395,6.79098698051086,2022-10-31
"AA-AA-000-0000","kri0002",0,0.0264434870978621,935.411912599773,6.84098698051086,2022-10-31
"AA-AA-000-0000","kri0002",0,0.0277992736733747,983.371506921957,6.89098698051086,2022-10-31
"AA-AA-000-0000","kri0002",0,0.0292245729130658,1033.79004222679,6.94098698051086,2022-10-31
"AA-AA-000-0000","kri0002",0,0.0307229488074397,1086.79359111437,6.99098698051086,2022-10-31
"AA-AA-000-0000","kri0002",0,0.0322981480767016,1142.51469006524,7.04098698051086,2022-10-31
"AA-AA-000-0000","kri0002",0,0.0339541095395093,1201.0926708506,7.09098698051086,2022-10-31
"AA-AA-000-0000","kri0002",0,0.0356949739620715,1262.67400893432,7.14098698051086,2022-10-31
"AA-AA-000-0000","kri0002",0,0.0375250944122206,1327.41268973789,7.19098698051086,2022-10-31
"AA-AA-000-0000","kri0002",0,0.039449047144349,1395.4705936842,7.24098698051086,2022-10-31
"AA-AA-000-0000","kri0002",0,0.0414716430424292,1467.01790098289,7.29098698051086,2022-10-31
"AA-AA-000-0000","kri0002",0,0.0435979396497296,1542.23351716954,7.34098698051086,2022-10-31
"AA-AA-000-0000","kri0002",0,0.045833253815307,1621.30552046267,7.39098698051086,2022-10-31
"AA-AA-000-0000","kri0002",0,0.0481831749888984,1704.43163205729,7.44098698051086,2022-10-31
"AA-AA-000-0000","kri0003",2,2.7572654113784,361.467181310271,5.89017125272043,2022-10-31
"AA-AA-000-0000","kri0003",2,2.83808468899556,380,5.94017125272043,2022-10-31
"AA-AA-000-0000","kri0003",2,2.92151486085723,399.483016622889,5.99017125272043,2022-10-31
"AA-AA-000-0000","kri0003",2,3.00765098738931,419.964948868746,6.04017125272043,2022-10-31
"AA-AA-000-0000","kri0003",2,3.09659202056775,441.497012236748,6.09017125272043,2022-10-31
"AA-AA-000-0000","kri0003",2,3.18844097857546,464.133048100865,6.14017125272043,2022-10-31
"AA-AA-000-0000","kri0003",2,3.2833051287846,487.929658341342,6.19017125272043,2022-10-31
"AA-AA-000-0000","kri0003",2,3.3812961794751,512.946346878881,6.24017125272043,2022-10-31
"AA-AA-000-0000","kri0003",2,3.48253048072101,539.245668465438,6.29017125272043,2022-10-31
"AA-AA-000-0000","kri0003",2,3.58712923489798,566.893385103683,6.34017125272043,2022-10-31
"AA-AA-000-0000","kri0003",2,3.695218717288,595.958630486264,6.39017125272043,2022-10-31
"AA-AA-000-0000","kri0003",2,3.80693050728139,626.514082866049,6.44017125272043,2022-10-31
"AA-AA-000-0000","kri0003",2,3.92240173070141,658.63614678961,6.49017125272043,2022-10-31
"AA-AA-000-0000","kri0003",2,4.04177531380323,692.405144148394,6.54017125272043,2022-10-31
"AA-AA-000-0000","kri0003",2,4.16520024952679,727.905515025281,6.59017125272043,2022-10-31
"AA-AA-000-0000","kri0003",2,4.29283187661239,765.226028838781,6.64017125272043,2022-10-31
"AA-AA-000-0000","kri0003",2,4.42483217221857,804.460006312816,6.69017125272043,2022-10-31
"AA-AA-000-0000","kri0003",2,4.56137005871394,845.705552827138,6.74017125272043,2022-10-31
"AA-AA-000-0000","kri0003",2,4.70262172534897,889.065803731877,6.79017125272043,2022-10-31
"AA-AA-000-0000","kri0003",2,4.84877096554884,934.649182239641,6.84017125272043,2022-10-31
"AA-AA-000-0000","kri0003",2,5.00000953060642,982.569670540022,6.89017125272043,2022-10-31
"AA-AA-000-0000","kri0003",2,5.15653750059353,1032.94709481444,6.94017125272043,2022-10-31
"AA-AA-000-0000","kri0003",2,5.31856367335007,1085.907424864,6.99017125272043,2022-10-31
"AA-AA-000-0000","kri0003",2,5.48630597245419,1141.58308909965,7.04017125272043,2022-10-31
"AA-AA-000-0000","kri0003",2,5.65999187512221,1200.11330568211,7.09017125272043,2022-10-31
"AA-AA-000-0000","kri0003",2,5.83985886103526,1261.64443063989,7.14017125272043,2022-10-31
"AA-AA-000-0000","kri0003",2,6.02615488313979,1326.3303238355,7.19017125272043,2022-10-31
"AA-AA-000-0000","kri0003",2,6.21913886152236,1394.33273369531,7.24017125272043,2022-10-31
"AA-AA-000-0000","kri0003",2,6.4190812015149,1465.82170166485,7.29017125272043,2022-10-31
"AA-AA-000-0000","kri0003",2,6.626264337245,1540.97598740098,7.34017125272043,2022-10-31
"AA-AA-000-0000","kri0003",2,6.84098330190759,1619.98351576415,7.39017125272043,2022-10-31
"AA-AA-000-0000","kri0003",2,7.063546326099,1703.04184672846,7.44017125272043,2022-10-31
"AA-AA-000-0000","kri0003",2,7.29427546562242,1790.35866938448,7.49017125272043,2022-10-31
"AA-AA-000-0000","kri0003",3,3.92363926243458,361.467181310271,5.89017125272043,2022-10-31
"AA-AA-000-0000","kri0003",3,4.03398543466778,380,5.94017125272043,2022-10-31
"AA-AA-000-0000","kri0003",3,4.14768997804139,399.483016622889,5.99017125272043,2022-10-31
"AA-AA-000-0000","kri0003",3,4.26486687544904,419.964948868746,6.04017125272043,2022-10-31
"AA-AA-000-0000","kri0003",3,4.38563448035894,441.497012236748,6.09017125272043,2022-10-31
"AA-AA-000-0000","kri0003",3,4.51011570359737,464.133048100865,6.14017125272043,2022-10-31
"AA-AA-000-0000","kri0003",3,4.63843820876453,487.929658341342,6.19017125272043,2022-10-31
"AA-AA-000-0000","kri0003",3,4.77073461670136,512.946346878881,6.24017125272043,2022-10-31
"AA-AA-000-0000","kri0003",3,4.90714271944693,539.245668465438,6.29017125272043,2022-10-31
"AA-AA-000-0000","kri0003",3,5.04780570414782,566.893385103683,6.34017125272043,2022-10-31
"AA-AA-000-0000","kri0003",3,5.1928723874041,595.958630486264,6.39017125272043,2022-10-31
"AA-AA-000-0000","kri0003",3,5.34249746056033,626.514082866049,6.44017125272043,2022-10-31
"AA-AA-000-0000","kri0003",3,5.49684174647594,658.63614678961,6.49017125272043,2022-10-31
"AA-AA-000-0000","kri0003",3,5.65607246833557,692.405144148394,6.54017125272043,2022-10-31
"AA-AA-000-0000","kri0003",3,5.82036353108836,727.905515025281,6.59017125272043,2022-10-31
"AA-AA-000-0000","kri0003",3,5.98989581613431,765.226028838781,6.64017125272043,2022-10-31
"AA-AA-000-0000","kri0003",3,6.16485748990714,804.460006312816,6.69017125272043,2022-10-31
"AA-AA-000-0000","kri0003",3,6.34544432703536,845.705552827138,6.74017125272043,2022-10-31
"AA-AA-000-0000","kri0003",3,6.53186004879747,889.065803731877,6.79017125272043,2022-10-31
"AA-AA-000-0000","kri0003",3,6.72431667762334,934.649182239641,6.84017125272043,2022-10-31
"AA-AA-000-0000","kri0003",3,6.92303490843117,982.569670540022,6.89017125272043,2022-10-31
"AA-AA-000-0000","kri0003",3,7.12824449762945,1032.94709481444,6.94017125272043,2022-10-31
"AA-AA-000-0000","kri0003",3,7.34018467065482,1085.907424864,6.99017125272043,2022-10-31
"AA-AA-000-0000","kri0003",3,7.55910454896042,1141.58308909965,7.04017125272043,2022-10-31
"AA-AA-000-0000","kri0003",3,7.78526359741556,1200.11330568211,7.09017125272043,2022-10-31
"AA-AA-000-0000","kri0003",3,8.01893209312563,1261.64443063989,7.14017125272043,2022-10-31
"AA-AA-000-0000","kri0003",3,8.26039161673208,1326.3303238355,7.19017125272043,2022-10-31
"AA-AA-000-0000","kri0003",3,8.50993556730564,1394.33273369531,7.24017125272043,2022-10-31
"AA-AA-000-0000","kri0003",3,8.76786970200206,1465.82170166485,7.29017125272043,2022-10-31
"AA-AA-000-0000","kri0003",3,9.03451270170838,1540.97598740098,7.34017125272043,2022-10-31
"AA-AA-000-0000","kri0003",3,9.31019676397011,1619.98351576415,7.39017125272043,2022-10-31
"AA-AA-000-0000","kri0003",3,9.59526822455419,1703.04184672846,7.44017125272043,2022-10-31
"AA-AA-000-0000","kri0003",3,9.89008820907133,1790.35866938448,7.49017125272043,2022-10-31
"AA-AA-000-0000","kri0003",0,0.424517709266033,361.467181310271,5.89017125272043,2022-10-31
"AA-AA-000-0000","kri0003",0,0.446283197651141,380,5.94017125272043,2022-10-31
"AA-AA-000-0000","kri0003",0,0.469164626488913,399.483016622889,5.99017125272043,2022-10-31
"AA-AA-000-0000","kri0003",0,0.493219211269848,419.964948868746,6.04017125272043,2022-10-31
"AA-AA-000-0000","kri0003",0,0.51850710098537,441.497012236748,6.09017125272043,2022-10-31
"AA-AA-000-0000","kri0003",0,0.545091528531644,464.133048100865,6.14017125272043,2022-10-31
"AA-AA-000-0000","kri0003",0,0.573038968824744,487.929658341342,6.19017125272043,2022-10-31
"AA-AA-000-0000","kri0003",0,0.602419305022575,512.946346878881,6.24017125272043,2022-10-31
"AA-AA-000-0000","kri0003",0,0.633306003269165,539.245668465438,6.29017125272043,2022-10-31
"AA-AA-000-0000","kri0003",0,0.665776296398293,566.893385103683,6.34017125272043,2022-10-31
"AA-AA-000-0000","kri0003",0,0.699911377055802,595.958630486264,6.39017125272043,2022-10-31
"AA-AA-000-0000","kri0003",0,0.735796600723506,626.514082866049,6.44017125272043,2022-10-31
"AA-AA-000-0000","kri0003",0,0.773521699152351,658.63614678961,6.49017125272043,2022-10-31
"AA-AA-000-0000","kri0003",0,0.813181004738538,692.405144148394,6.54017125272043,2022-10-31
"AA-AA-000-0000","kri0003",0,0.854873686403639,727.905515025281,6.59017125272043,2022-10-31
"AA-AA-000-0000","kri0003",0,0.898703997568567,765.226028838781,6.64017125272043,2022-10-31
"AA-AA-000-0000","kri0003",0,0.944781536841423,804.460006312816,6.69017125272043,2022-10-31
"AA-AA-000-0000","kri0003",0,0.993221522071108,845.705552827138,6.74017125272043,2022-10-31
"AA-AA-000-0000","kri0003",0,1.04414507845196,889.065803731877,6.79017125272043,2022-10-31
"AA-AA-000-0000","kri0003",0,1.09767954139982,934.649182239641,6.84017125272043,2022-10-31
"AA-AA-000-0000","kri0003",0,1.15395877495692,982.569670540022,6.89017125272043,2022-10-31
"AA-AA-000-0000","kri0003",0,1.21312350652169,1032.94709481444,6.94017125272043,2022-10-31
"AA-AA-000-0000","kri0003",0,1.27532167874059,1085.907424864,6.99017125272043,2022-10-31
"AA-AA-000-0000","kri0003",0,1.34070881944173,1141.58308909965,7.04017125272043,2022-10-31
"AA-AA-000-0000","kri0003",0,1.40944843053551,1200.11330568211,7.09017125272043,2022-10-31
"AA-AA-000-0000","kri0003",0,1.48171239685453,1261.64443063989,7.14017125272043,2022-10-31
"AA-AA-000-0000","kri0003",0,1.55768141595521,1326.3303238355,7.19017125272043,2022-10-31
"AA-AA-000-0000","kri0003",0,1.63754544995579,1394.33273369531,7.24017125272043,2022-10-31
"AA-AA-000-0000","kri0003",0,1.7215042005406,1465.82170166485,7.29017125272043,2022-10-31
"AA-AA-000-0000","kri0003",0,1.80976760831824,1540.97598740098,7.34017125272043,2022-10-31
"AA-AA-000-0000","kri0003",0,1.90255637778253,1619.98351576415,7.39017125272043,2022-10-31
"AA-AA-000-0000","kri0003",0,2.00010252918864,1703.04184672846,7.44017125272043,2022-10-31
"AA-AA-000-0000","kri0003",0,2.1026499787246,1790.35866938448,7.49017125272043,2022-10-31
"AA-AA-000-0000","kri0004",2,0.64165485972213,361.467181310271,5.89017125272043,2022-10-31
"AA-AA-000-0000","kri0004",2,0.659400989568847,380,5.94017125272043,2022-10-31
"AA-AA-000-0000","kri0004",2,0.677673402716601,399.483016622889,5.99017125272043,2022-10-31
"AA-AA-000-0000","kri0004",2,0.696489371907423,419.964948868746,6.04017125272043,2022-10-31
"AA-AA-000-0000","kri0004",2,0.715866809656324,441.497012236748,6.09017125272043,2022-10-31
"AA-AA-000-0000","kri0004",2,0.73582429483022,464.133048100865,6.14017125272043,2022-10-31
"AA-AA-000-0000","kri0004",2,0.756381100432033,487.929658341342,6.19017125272043,2022-10-31
"AA-AA-000-0000","kri0004",2,0.777557222647802,512.946346878881,6.24017125272043,2022-10-31
"AA-AA-000-0000","kri0004",2,0.799373411217458,539.245668465438,6.29017125272043,2022-10-31
"AA-AA-000-0000","kri0004",2,0.821851201192933,566.893385103683,6.34017125272043,2022-10-31
"AA-AA-000-0000","kri0004",2,0.845012946150444,595.958630486264,6.39017125272043,2022-10-31
"AA-AA-000-0000","kri0004",2,0.868881852927097,626.514082866049,6.44017125272043,2022-10-31
"AA-AA-000-0000","kri0004",2,0.893482017955444,658.63614678961,6.49017125272043,2022-10-31
"AA-AA-000-0000","kri0004",2,0.91883846527329,692.405144148394,6.54017125272043,2022-10-31
"AA-AA-000-0000","kri0004",2,0.944977186289887,727.905515025281,6.59017125272043,2022-10-31
"AA-AA-000-0000","kri0004",2,0.971925181393714,765.226028838781,6.64017125272043,2022-10-31
"AA-AA-000-0000","kri0004",2,0.999710503491235,804.460006312816,6.69017125272043,2022-10-31
"AA-AA-000-0000","kri0004",2,1.02836230357056,845.705552827138,6.74017125272043,2022-10-31
"AA-AA-000-0000","kri0004",2,1.05791087838852,889.065803731877,6.79017125272043,2022-10-31
"AA-AA-000-0000","kri0004",2,1.08838772038474,934.649182239641,6.84017125272043,2022-10-31
"AA-AA-000-0000","kri0004",2,1.11982556993123,982.569670540022,6.89017125272043,2022-10-31
"AA-AA-000-0000","kri0004",2,1.15225847003172,1032.94709481444,6.94017125272043,2022-10-31
"AA-AA-000-0000","kri0004",2,1.18572182359045,1085.907424864,6.99017125272043,2022-10-31
"AA-AA-000-0000","kri0004",2,1.22025245337623,1141.58308909965,7.04017125272043,2022-10-31
"AA-AA-000-0000","kri0004",2,1.25588866481388,1200.11330568211,7.09017125272043,2022-10-31
"AA-AA-000-0000","kri0004",2,1.29267031174168,1261.64443063989,7.14017125272043,2022-10-31
"AA-AA-000-0000","kri0004",2,1.33063886528065,1326.3303238355,7.19017125272043,2022-10-31
"AA-AA-000-0000","kri0004",2,1.3698374859684,1394.33273369531,7.24017125272043,2022-10-31
"AA-AA-000-0000","kri0004",2,1.41031109931843,1465.82170166485,7.29017125272043,2022-10-31
"AA-AA-000-0000","kri0004",2,1.45210647497339,1540.97598740098,7.34017125272043,2022-10-31
"AA-AA-000-0000","kri0004",2,1.49527230962962,1619.98351576415,7.39017125272043,2022-10-31
"AA-AA-000-0000","kri0004",2,1.53985931391901,1703.04184672846,7.44017125272043,2022-10-31
"AA-AA-000-0000","kri0004",2,1.58592030344358,1790.35866938448,7.49017125272043,2022-10-31
"AA-AA-000-0000","kri0004",3,0.933537900315056,361.467181310271,5.89017125272043,2022-10-31
"AA-AA-000-0000","kri0004",3,0.95867308451342,380,5.94017125272043,2022-10-31
"AA-AA-000-0000","kri0004",3,0.984521606814294,399.483016622889,5.99017125272043,2022-10-31
"AA-AA-000-0000","kri0004",3,1.01110547527455,419.964948868746,6.04017125272043,2022-10-31
"AA-AA-000-0000","kri0004",3,1.03844745759912,441.497012236748,6.09017125272043,2022-10-31
"AA-AA-000-0000","kri0004",3,1.06657111075454,464.133048100865,6.14017125272043,2022-10-31
"AA-AA-000-0000","kri0004",3,1.09550081186454,487.929658341342,6.19017125272043,2022-10-31
"AA-AA-000-0000","kri0004",3,1.12526179044744,512.946346878881,6.24017125272043,2022-10-31
"AA-AA-000-0000","kri0004",3,1.15588016205784,539.245668465438,6.29017125272043,2022-10-31
"AA-AA-000-0000","kri0004",3,1.18738296339861,566.893385103683,6.34017125272043,2022-10-31
"AA-AA-000-0000","kri0004",3,1.21979818897186,595.958630486264,6.39017125272043,2022-10-31
"AA-AA-000-0000","kri0004",3,1.25315482934132,626.514082866049,6.44017125272043,2022-10-31
"AA-AA-000-0000","kri0004",3,1.28748291108187,658.63614678961,6.49017125272043,2022-10-31
"AA-AA-000-0000","kri0004",3,1.32281353849594,692.405144148394,6.54017125272043,2022-10-31
"AA-AA-000-0000","kri0004",3,1.35917893718004,727.905515025281,6.59017125272043,2022-10-31
"AA-AA-000-0000","kri0004",3,1.39661249952908,765.226028838781,6.64017125272043,2022-10-31
"AA-AA-000-0000","kri0004",3,1.43514883227039,804.460006312816,6.69017125272043,2022-10-31
"AA-AA-000-0000","kri0004",3,1.47482380612371,845.705552827138,6.74017125272043,2022-10-31
"AA-AA-000-0000","kri0004",3,1.51567460768833,889.065803731877,6.79017125272043,2022-10-31
"AA-AA-000-0000","kri0004",3,1.55773979366348,934.649182239641,6.84017125272043,2022-10-31
"AA-AA-000-0000","kri0004",3,1.60105934751341,982.569670540022,6.89017125272043,2022-10-31
"AA-AA-000-0000","kri0004",3,1.64567473869382,1032.94709481444,6.94017125272043,2022-10-31
"AA-AA-000-0000","kri0004",3,1.69162898456245,1085.907424864,6.99017125272043,2022-10-31
"AA-AA-000-0000","kri0004",3,1.73896671510241,1141.58308909965,7.04017125272043,2022-10-31
"AA-AA-000-0000","kri0004",3,1.78773424059339,1200.11330568211,7.09017125272043,2022-10-31
"AA-AA-000-0000","kri0004",3,1.83797962237244,1261.64443063989,7.14017125272043,2022-10-31
"AA-AA-000-0000","kri0004",3,1.88975274683312,1326.3303238355,7.19017125272043,2022-10-31
"AA-AA-000-0000","kri0004",3,1.94310540281926,1394.33273369531,7.24017125272043,2022-10-31
"AA-AA-000-0000","kri0004",3,1.99809136257715,1465.82170166485,7.29017125272043,2022-10-31
"AA-AA-000-0000","kri0004",3,2.05476646643838,1540.97598740098,7.34017125272043,2022-10-31
"AA-AA-000-0000","kri0004",3,2.1131887114138,1619.98351576415,7.39017125272043,2022-10-31
"AA-AA-000-0000","kri0004",3,2.17341834388838,1703.04184672846,7.44017125272043,2022-10-31
"AA-AA-000-0000","kri0004",3,2.23551795661597,1790.35866938448,7.49017125272043,2022-10-31
"AA-AA-000-0000","kri0004",0,0.0578887785362773,361.467181310271,5.89017125272043,2022-10-31
"AA-AA-000-0000","kri0004",0,0.0608567996797011,380,5.94017125272043,2022-10-31
"AA-AA-000-0000","kri0004",0,0.0639769945212154,399.483016622889,5.99017125272043,2022-10-31
"AA-AA-000-0000","kri0004",0,0.067257165173161,419.964948868746,6.04017125272043,2022-10-31
"AA-AA-000-0000","kri0004",0,0.0707055137707323,441.497012236748,6.09017125272043,2022-10-31
"AA-AA-000-0000","kri0004",0,0.0743306629815878,464.133048100865,6.14017125272043,2022-10-31
"AA-AA-000-0000","kri0004",0,0.0781416775670106,487.929658341342,6.19017125272043,2022-10-31
"AA-AA-000-0000","kri0004",0,0.082148087048533,512.946346878881,6.24017125272043,2022-10-31
"AA-AA-000-0000","kri0004",0,0.0863599095367044,539.245668465438,6.29017125272043,2022-10-31
"AA-AA-000-0000","kri0004",0,0.0907876767815854,566.893385103683,6.34017125272043,2022-10-31
"AA-AA-000-0000","kri0004",0,0.0954424605076094,595.958630486264,6.39017125272043,2022-10-31
"AA-AA-000-0000","kri0004",0,0.10033590009866,626.514082866049,6.44017125272043,2022-10-31
"AA-AA-000-0000","kri0004",0,0.105480231702593,658.63614678961,6.49017125272043,2022-10-31
"AA-AA-000-0000","kri0004",0,0.110888318827982,692.405144148394,6.54017125272043,2022-10-31
"AA-AA-000-0000","kri0004",0,0.116573684509587,727.905515025281,6.59017125272043,2022-10-31
"AA-AA-000-0000","kri0004",0,0.122550545122986,765.226028838781,6.64017125272043,2022-10-31
"AA-AA-000-0000","kri0004",0,0.128833845932921,804.460006312816,6.69017125272043,2022-10-31
"AA-AA-000-0000","kri0004",0,0.135439298464242,845.705552827138,6.74017125272043,2022-10-31
"AA-AA-000-0000","kri0004",0,0.142383419788903,889.065803731877,6.79017125272043,2022-10-31
"AA-AA-000-0000","kri0004",0,0.149683573827248,934.649182239641,6.84017125272043,2022-10-31
"AA-AA-000-0000","kri0004",0,0.157358014766853,982.569670540022,6.89017125272043,2022-10-31
"AA-AA-000-0000","kri0004",0,0.165425932707504,1032.94709481444,6.94017125272043,2022-10-31
"AA-AA-000-0000","kri0004",0,0.173907501646444,1085.907424864,6.99017125272043,2022-10-31
"AA-AA-000-0000","kri0004",0,0.182823929923872,1141.58308909965,7.04017125272043,2022-10-31
"AA-AA-000-0000","kri0004",0,0.192197513254842,1200.11330568211,7.09017125272043,2022-10-31
"AA-AA-000-0000","kri0004",0,0.202051690480164,1261.64443063989,7.14017125272043,2022-10-31
"AA-AA-000-0000","kri0004",0,0.212411102175711,1326.3303238355,7.19017125272043,2022-10-31
"AA-AA-000-0000","kri0004",0,0.223301652266699,1394.33273369531,7.24017125272043,2022-10-31
"AA-AA-000-0000","kri0004",0,0.23475057280099,1465.82170166485,7.29017125272043,2022-10-31
"AA-AA-000-0000","kri0004",0,0.246786492043397,1540.97598740098,7.34017125272043,2022-10-31
"AA-AA-000-0000","kri0004",0,0.259439506061255,1619.98351576415,7.39017125272043,2022-10-31
"AA-AA-000-0000","kri0004",0,0.272741253980269,1703.04184672846,7.44017125272043,2022-10-31
"AA-AA-000-0000","kri0004",0,0.286724997098809,1790.35866938448,7.49017125272043,2022-10-31
"AA-AA-000-0000","kri0006",2,0.580579032461714,0.95,-0.0512932943875506,2022-10-31
"AA-AA-000-0000","kri0006",2,0.597687164221791,1,0,2022-10-31
"AA-AA-000-0000","kri0006",2,0.614471488394994,1.05,0.048790164169432,2022-10-31
"AA-AA-000-0000","kri0006",2,0.630954878419929,1.1,0.0953101798043249,2022-10-31
"AA-AA-000-0000","kri0006",2,0.64715763527128,1.15,0.139761942375159,2022-10-31
"AA-AA-000-0000","kri0006",2,0.663097875150313,1.2,0.182321556793955,2022-10-31
"AA-AA-000-0000","kri0006",2,0.678791845139511,1.25,0.22314355131421,2022-10-31
"AA-AA-000-0000","kri0006",2,0.694254182534948,1.3,0.262364264467491,2022-10-31
"AA-AA-000-0000","kri0006",2,0.709498129672903,1.35,0.300104592450338,2022-10-31
"AA-AA-000-0000","kri0006",2,0.724535713244542,1.4,0.336472236621213,2022-10-31
"AA-AA-000-0000","kri0006",2,0.739377895020348,1.45,0.371563556432483,2022-10-31
"AA-AA-000-0000","kri0006",2,0.754034699365894,1.5,0.405465108108164,2022-10-31
"AA-AA-000-0000","kri0006",2,0.768515321772881,1.55,0.438254930931155,2022-10-31
"AA-AA-000-0000","kri0006",2,0.782828221749796,1.6,0.470003629245736,2022-10-31
"AA-AA-000-0000","kri0006",2,0.796981202741852,1.65,0.500775287912489,2022-10-31
"AA-AA-000-0000","kri0006",2,0.810981481227448,1.7,0.53062825106217,2022-10-31
"AA-AA-000-0000","kri0006",2,0.824835746730557,1.75,0.559615787935423,2022-10-31
"AA-AA-000-0000","kri0006",2,0.838550214167414,1.8,0.587786664902119,2022-10-31
"AA-AA-000-0000","kri0006",2,0.852130669691358,1.85,0.615185639090233,2022-10-31
"AA-AA-000-0000","kri0006",2,0.865582510996451,1.9,0.641853886172395,2022-10-31
"AA-AA-000-0000","kri0006",2,0.878910782877113,1.95,0.667829372575655,2022-10-31
"AA-AA-000-0000","kri0006",2,0.892120208708925,2,0.693147180559945,2022-10-31
"AA-AA-000-0000","kri0006",2,0.905215218408257,2.05,0.717839793150317,2022-10-31
"AA-AA-000-0000","kri0006",3,0.832868548692572,0.95,-0.0512932943875506,2022-10-31
"AA-AA-000-0000","kri0006",3,0.856530746332687,1,0,2022-10-31
"AA-AA-000-0000","kri0006",3,0.879707232592491,1.05,0.048790164169432,2022-10-31
"AA-AA-000-0000","kri0006",3,0.902432317629894,1.1,0.0953101798043249,2022-10-31
"AA-AA-000-0000","kri0006",3,0.924736452906921,1.15,0.139761942375159,2022-10-31
"AA-AA-000-0000","kri0006",3,0.946646812725469,1.2,0.182321556793955,2022-10-31
"AA-AA-000-0000","kri0006",3,0.968187767709267,1.25,0.22314355131421,2022-10-31
"AA-AA-000-0000","kri0006",3,0.989381273802422,1.3,0.262364264467491,2022-10-31
"AA-AA-000-0000","kri0006",3,1.01024719450935,1.35,0.300104592450338,2022-10-31
"AA-AA-000-0000","kri0006",3,1.03080356986681,1.4,0.336472236621213,2022-10-31
"AA-AA-000-0000","kri0006",3,1.05106684253052,1.45,0.371563556432483,2022-10-31
"AA-AA-000-0000","kri0006",3,1.07105204904884,1.5,0.405465108108164,2022-10-31
"AA-AA-000-0000","kri0006",3,1.09077298265932,1.55,0.438254930931155,2022-10-31
"AA-AA-000-0000","kri0006",3,1.11024233262469,1.6,0.470003629245736,2022-10-31
"AA-AA-000-0000","kri0006",3,1.12947180411278,1.65,0.500775287912489,2022-10-31
"AA-AA-000-0000","kri0006",3,1.14847222184117,1.7,0.53062825106217,2022-10-31
"AA-AA-000-0000","kri0006",3,1.16725362009584,1.75,0.559615787935423,2022-10-31
"AA-AA-000-0000","kri0006",3,1.18582532125112,1.8,0.587786664902119,2022-10-31
"AA-AA-000-0000","kri0006",3,1.20419600453704,1.85,0.615185639090233,2022-10-31
"AA-AA-000-0000","kri0006",3,1.22237376649468,1.9,0.641853886172395,2022-10-31
"AA-AA-000-0000","kri0006",3,1.24036617431567,1.95,0.667829372575655,2022-10-31
"AA-AA-000-0000","kri0006",3,1.25818031306339,2,0.693147180559945,2022-10-31
"AA-AA-000-0000","kri0006",3,1.27582282761239,2.05,0.717839793150317,2022-10-31
"AA-AA-000-0000","kri0006",0,0.076,0.95,-0.0512932943875506,2022-10-31
"AA-AA-000-0000","kri0006",0,0.08,1,0,2022-10-31
"AA-AA-000-0000","kri0006",0,0.084,1.05,0.048790164169432,2022-10-31
"AA-AA-000-0000","kri0006",0,0.088,1.1,0.0953101798043249,2022-10-31
"AA-AA-000-0000","kri0006",0,0.092,1.15,0.139761942375159,2022-10-31
"AA-AA-000-0000","kri0006",0,0.096,1.2,0.182321556793955,2022-10-31
"AA-AA-000-0000","kri0006",0,0.1,1.25,0.22314355131421,2022-10-31
"AA-AA-000-0000","kri0006",0,0.104,1.3,0.262364264467491,2022-10-31
"AA-AA-000-0000","kri0006",0,0.108,1.35,0.300104592450338,2022-10-31
"AA-AA-000-0000","kri0006",0,0.112,1.4,0.336472236621213,2022-10-31
"AA-AA-000-0000","kri0006",0,0.116,1.45,0.371563556432483,2022-10-31
"AA-AA-000-0000","kri0006",0,0.12,1.5,0.405465108108164,2022-10-31
"AA-AA-000-0000","kri0006",0,0.124,1.55,0.438254930931155,2022-10-31
"AA-AA-000-0000","kri0006",0,0.128,1.6,0.470003629245736,2022-10-31
"AA-AA-000-0000","kri0006",0,0.132,1.65,0.500775287912489,2022-10-31
"AA-AA-000-0000","kri0006",0,0.136,1.7,0.53062825106217,2022-10-31
"AA-AA-000-0000","kri0006",0,0.14,1.75,0.559615787935423,2022-10-31
"AA-AA-000-0000","kri0006",0,0.144,1.8,0.587786664902119,2022-10-31
"AA-AA-000-0000","kri0006",0,0.148,1.85,0.615185639090233,2022-10-31
"AA-AA-000-0000","kri0006",0,0.152,1.9,0.641853886172395,2022-10-31
"AA-AA-000-0000","kri0006",0,0.156,1.95,0.667829372575655,2022-10-31
"AA-AA-000-0000","kri0006",0,0.16,2,0.693147180559945,2022-10-31
"AA-AA-000-0000","kri0006",0,0.164,2.05,0.717839793150317,2022-10-31
"AA-AA-000-0000","kri0007",2,0.713249530663145,0.95,-0.0512932943875506,2022-10-31
"AA-AA-000-0000","kri0007",2,0.734817045957576,1,0,2022-10-31
"AA-AA-000-0000","kri0007",2,0.756,1.05,0.048790164169432,2022-10-31
"AA-AA-000-0000","kri0007",2,0.77682555780614,1.1,0.0953101798043249,2022-10-31
"AA-AA-000-0000","kri0007",2,0.797317829275077,1.15,0.139761942375159,2022-10-31
"AA-AA-000-0000","kri0007",2,0.817498329619309,1.2,0.182321556793955,2022-10-31
"AA-AA-000-0000","kri0007",2,0.837386354243376,1.25,0.22314355131421,2022-10-31
"AA-AA-000-0000","kri0007",2,0.856999286732875,1.3,0.262364264467491,2022-10-31
"AA-AA-000-0000","kri0007",2,0.876352853987439,1.35,0.300104592450338,2022-10-31
"AA-AA-000-0000","kri0007",2,0.895461339178928,1.4,0.336472236621213,2022-10-31
"AA-AA-000-0000","kri0007",2,0.914337760755184,1.45,0.371563556432483,2022-10-31
"AA-AA-000-0000","kri0007",2,0.932994023880668,1.5,0.405465108108164,2022-10-31
"AA-AA-000-0000","kri0007",2,0.951441049330384,1.55,0.438254930931155,2022-10-31
"AA-AA-000-0000","kri0007",2,0.969688883808943,1.6,0.470003629245736,2022-10-31
"AA-AA-000-0000","kri0007",2,0.987746794865291,1.65,0.500775287912489,2022-10-31
"AA-AA-000-0000","kri0007",2,1.00562335295324,1.7,0.53062825106217,2022-10-31
"AA-AA-000-0000","kri0007",2,1.02332650270356,1.75,0.559615787935423,2022-10-31
"AA-AA-000-0000","kri0007",2,1.04086362509205,1.8,0.587786664902119,2022-10-31
"AA-AA-000-0000","kri0007",2,1.05824159188598,1.85,0.615185639090233,2022-10-31
"AA-AA-000-0000","kri0007",2,1.07546681350953,1.9,0.641853886172395,2022-10-31
"AA-AA-000-0000","kri0007",2,1.09254528127525,1.95,0.667829372575655,2022-10-31
"AA-AA-000-0000","kri0007",2,1.10948260477137,2,0.693147180559945,2022-10-31
"AA-AA-000-0000","kri0007",2,1.12628404506727,2.05,0.717839793150317,2022-10-31
"AA-AA-000-0000","kri0007",3,1.01287429599472,0.95,-0.0512932943875506,2022-10-31
"AA-AA-000-0000","kri0007",3,1.04222556893636,1,0,2022-10-31
"AA-AA-000-0000","kri0007",3,1.071,1.05,0.048790164169432,2022-10-31
"AA-AA-000-0000","kri0007",3,1.09923833670921,1.1,0.0953101798043249,2022-10-31
"AA-AA-000-0000","kri0007",3,1.12697674391262,1.15,0.139761942375159,2022-10-31
"AA-AA-000-0000","kri0007",3,1.15424749442896,1.2,0.182321556793955,2022-10-31
"AA-AA-000-0000","kri0007",3,1.18107953136506,1.25,0.22314355131421,2022-10-31
"AA-AA-000-0000","kri0007",3,1.20749893009931,1.3,0.262364264467491,2022-10-31
"AA-AA-000-0000","kri0007",3,1.23352928098116,1.35,0.300104592450338,2022-10-31
"AA-AA-000-0000","kri0007",3,1.25919200876839,1.4,0.336472236621213,2022-10-31
"AA-AA-000-0000","kri0007",3,1.28450664113278,1.45,0.371563556432483,2022-10-31
"AA-AA-000-0000","kri0007",3,1.309491035821,1.5,0.405465108108164,2022-10-31
"AA-AA-000-0000","kri0007",3,1.33416157399558,1.55,0.438254930931155,2022-10-31
"AA-AA-000-0000","kri0007",3,1.35853332571341,1.6,0.470003629245736,2022-10-31
"AA-AA-000-0000","kri0007",3,1.38262019229794,1.65,0.500775287912489,2022-10-31
"AA-AA-000-0000","kri0007",3,1.40643502942986,1.7,0.53062825106217,2022-10-31
"AA-AA-000-0000","kri0007",3,1.42998975405534,1.75,0.559615787935423,2022-10-31
"AA-AA-000-0000","kri0007",3,1.45329543763808,1.8,0.587786664902119,2022-10-31
"AA-AA-000-0000","kri0007",3,1.47636238782897,1.85,0.615185639090233,2022-10-31
"AA-AA-000-0000","kri0007",3,1.4992002202643,1.9,0.641853886172395,2022-10-31
"AA-AA-000-0000","kri0007",3,1.52181792191288,1.95,0.667829372575655,2022-10-31
"AA-AA-000-0000","kri0007",3,1.54422390715705,2,0.693147180559945,2022-10-31
"AA-AA-000-0000","kri0007",3,1.56642606760091,2.05,0.717839793150317,2022-10-31
"AA-AA-000-0000","kri0007",0,0.114,0.95,-0.0512932943875506,2022-10-31
"AA-AA-000-0000","kri0007",0,0.12,1,0,2022-10-31
"AA-AA-000-0000","kri0007",0,0.126,1.05,0.048790164169432,2022-10-31
"AA-AA-000-0000","kri0007",0,0.132,1.1,0.0953101798043249,2022-10-31
"AA-AA-000-0000","kri0007",0,0.138,1.15,0.139761942375159,2022-10-31
"AA-AA-000-0000","kri0007",0,0.144,1.2,0.182321556793955,2022-10-31
"AA-AA-000-0000","kri0007",0,0.15,1.25,0.22314355131421,2022-10-31
"AA-AA-000-0000","kri0007",0,0.156,1.3,0.262364264467491,2022-10-31
"AA-AA-000-0000","kri0007",0,0.162,1.35,0.300104592450338,2022-10-31
"AA-AA-000-0000","kri0007",0,0.168,1.4,0.336472236621213,2022-10-31
"AA-AA-000-0000","kri0007",0,0.174,1.45,0.371563556432483,2022-10-31
"AA-AA-000-0000","kri0007",0,0.18,1.5,0.405465108108164,2022-10-31
"AA-AA-000-0000","kri0007",0,0.186,1.55,0.438254930931155,2022-10-31
"AA-AA-000-0000","kri0007",0,0.192,1.6,0.470003629245736,2022-10-31
"AA-AA-000-0000","kri0007",0,0.198,1.65,0.500775287912489,2022-10-31
"AA-AA-000-0000","kri0007",0,0.204,1.7,0.53062825106217,2022-10-31
"AA-AA-000-0000","kri0007",0,0.21,1.75,0.559615787935423,2022-10-31
"AA-AA-000-0000","kri0007",0,0.216,1.8,0.587786664902119,2022-10-31
"AA-AA-000-0000","kri0007",0,0.222,1.85,0.615185639090233,2022-10-31
"AA-AA-000-0000","kri0007",0,0.228,1.9,0.641853886172395,2022-10-31
"AA-AA-000-0000","kri0007",0,0.234,1.95,0.667829372575655,2022-10-31
"AA-AA-000-0000","kri0007",0,0.24,2,0.693147180559945,2022-10-31
"AA-AA-000-0000","kri0007",0,0.246,2.05,0.717839793150317,2022-10-31
